id,_id,name_JP,name,aka_JP,aka,idActor,sort,size,_idRenderData,tiles,tiles_snow,colorMod,components,defMat,LV,chance,quality,hostility,biome,tag,trait,race,job,tactics,aiIdle,aiParam,actCombat,mainElement,elements,equip,loot,category,filter,gachaFilter,tone,actIdle,lightData,idExtra,bio,faith,works,hobbies,idText,moveAnime,factory,detail_JP,detail
chara,34,*r,*r,*r,*r,pcc,0,,pcc,0,,0,,,1,0,0,Friend,,"neutral,noRandomProduct",,juere,*r,,,,,,,,,chara,,,,,,,,,,,,,,,
test_chicken,358,テストチキン,test chicken,,,,0,,test_chicken,0,,0,,,1,0,3,Neutral,,"neutral,noRandomProduct",,chicken,none,,,"1,80",,,,,,chara,,livestock,,,,,,,,,chicken,hop,,,
chicken,35,チキン,chicken,,,,0,,chara,"1707,2611",,0,,,1,100,0,Neutral,,staticSkin,,chicken,none,,,"1,80",,,,,,chara,,livestock,,,,,,,,,chicken,hop,,,
shamo,427,軍鶏,fighting cock,,,,0,,chara,"2711,2611",,0,,,9,30,0,,,staticSkin,,chicken,predator,,,"1,80",,,,,,chara,,livestock,,,,,,,,,chicken,hop,,,
penguin_emperor,472,コウテイペンギン,emperor penguin,,,,0,,chara,"2827,2828",,0,,,18,100,0,,,"staticSkin,water,snow",,chicken,predator,,,"1,80",,,,,,chara,,livestock,,,,,,,,,,hop,,,
penguin,470,ペンギン,penguin,,,,0,,chara,"2829,2828",,0,,,12,100,0,Neutral,,"staticSkin,water,snow",,chicken,none,,,"1,80",,,,,,chara,,livestock,,,,,,,,,,hop,,,
dodo,346,ドードー,dodo,,,,0,,chara,"2519,2521,2522",,100,,,1,50,0,Neutral,Plain,"random_color,mini",,dinosaur,none,,,"1,80",,,,,,chara,,livestock,,,,,,,,,chicken,hop,,,
baby,438,*r,*r,赤ちゃん,baby,,0,,chara,2503,,0,,,1,20,0,Neutral,,neutral,,norland,none,,,1,,,innocence/1,,,chara,,resident,,,,,,,,,child,,,,
child,36,*r,*r,子供,child,,0,,chara,"810,811,810,811","1808,1809,1818,1819",0,,,1,100,0,Neutral,,neutral,,norland,none,,,"2,70",,,,,,chara,,resident,,,,,,,,,child,,,,
child_elea,253,*r,*r,子供,child,,0,,chara,"1214,1215",,0,,,1,100,0,Neutral,,neutral,,elea,none,,,"2,70",ball_Magic/50,,,,,chara,,resident,,,,,,,,,child,,,,
child_fairy,336,*r,*r,子供,child,,0,,chara,"2330,2331,2326,2327",,0,,,1,100,0,Neutral,,neutral,,fairy,wizard,,,"2,70",ball_Magic/50,,,,,chara,,resident,,,,,,,,,child,,,,
nerun,339,ネルン,Nerun,ガイドの,guide,,0,,chara,2424,,0,,,1,0,4,Friend,,neutral,UniqueChara,fairy,none,,,,"ActSteal/40,SpSilence",,,,,chara,,resident,,,,,f/10754/16/1/friendly|私|キミ,,,,fairy,,,,
poppy,293,ポピー,Poppy,子犬の,little dog,,0,,chara,1626,,0,,,1,0,4,Friend,,,Puppy,dog,none,,,"1,100",,,,,,chara,,livestock,,,,,,,Exercise,TreasureHunt,poppy,hop,,,
player,150,*r,*r,*r,*r,pcc,0,,pcc,0,,0,,,1,0,0,Friend,,"neutral,noRandomProduct",,juere,tourist,,,,,,,,,chara,,,,,,,,,,,,,,,
punk,156,パンク,punk,,,,0,,chara,"1100,1101",,0,,,1,100,0,,,neutral,,norland,gunner,,,"2,50",,,,,,chara,,resident,,,,,,,,,punk,,,,
frog_fly,432,飛び蛙,flying frog,,,,0,,chara,2708,,0,,,3,50,0,,Sand,,,frog,tourist,,,"1,80",,,levitation/1,,,chara,,,,,,,,,,,,,,,
fish_man,433,巨大魚,giant fish,,,,0,,chara,2707,,0,,,10,100,0,,Water,,,fish,none,,,"1,80",,,,,,chara,,,,,,,,,,,,,,,
denkiunagi,462,電気ナマズ,electrophorus,,,,0,,chara_L,109,,0,,,42,50,0,,Water,,,fish,predator,,,"1,40","bolt_,ball_,breathe_,miasma_/30",Lightning,,,,chara,,,,,,,,,,,,,,,
shark,447,鮫,shark,,,,0,,chara,2706,,0,,,35,100,0,,Water,,,fish,predator,,,"1,100",,,,,tail_shark/20,chara,,,,,,,,,,,,,,,
shark_mech,535,機械鮫,machine shark,,,,0,,chara_LW,206,,0,,,42,100,0,,Water,,,machine,predator,,,"1,100",,,"levitation/1,swimming/50",,tail_shark/20,chara,,,,,,,,,,,,,,,
shark_sister,456,妹鮫,younger sister shark,,,,0,,chara,2726,,0,,,45,4,3,,Water,,UniqueMonster,fish,predator,,,"1,100",ActRush,Cut,"featRoran/1,featCosmicHorror/2,featExecutioner/6,featPegasus/1",,tail_shark/500,chara,,,,,,,,,,,sister,,,,
fish_star,500,ヒトデ,starfish,,,,0,,chara,1608,,100,,,1,30,0,Neutral,Water,"mini,randomFish,random_color",,fish,none,,root,"1,5,0","Wait,Wait,Wait",,"SPD/-70,life/-50,vigor/-60,featGeneSlot/5",,,chara,,,,,,,,,,,,,,,
fish_army,448,小魚,small fish,,,,0,,chara,"2715,2716,2715,2717",,0,,,1,100,0,Neutral,Water,"mini,randomFish",,fish,none,,,"1,100",,,,,,chara,,,,,,,,,,,,,,,
fish_kuma,450,クマノミ,crownfish,,,,0,,chara,2721,,0,,,3,100,0,Neutral,Water,"mini,randomFish",,fish,none,,,"1,100",,,,,,chara,,,,,,,,,,,,,,,
fish_coral,451,コーラルフィッシュ,coralfish,,,,0,,chara,"2722,2724",,0,,,5,100,0,Neutral,Water,"mini,randomFish",,fish,none,,,"1,100",,,,,,chara,,,,,,,,,,,,,,,
fish_xida,454,シダズーン,xidazoon,,,,0,,chara,2718,,0,,,6,100,0,,Water,mini,,fish,none,,,"1,100",,,,,,chara,,,,,,,,,,,,,,,
fish_angel,452,エンゼルフィッシュ,angelfish,,,,0,,chara,2719,,0,,,13,100,0,Neutral,Water,"mini,randomFish",,fish,none,,,"1,100",,,,,,chara,,,,,,,,,,,,,,,
fish_seabass,453,シーバス,sea bass,,,,0,,chara,2723,,0,,,25,100,0,Neutral,Water,randomFish,,fish,predator,,,"1,100",ActRush,,,,,chara,,,,,,,,,,,,,,,
fish_ piranha,449,ピラニア,piranha,,,,0,,chara,2720,,0,,,11,100,0,,Water,mini,,fish,none,,,"1,100",,Cut,,,,chara,,,,,,,,,,,,,,,
balloonfish,444,ハリセンボン,balloonfish,,,,0,,chara,2819,,0,,,15,100,0,,Water,suicide,,fish,none,,,"1,80","ActSuicide,breathe_Darkness/40,hand_Nerve/10",,featSpike/1,,,chara,,,,,,,,,,,,,,,
tako,445,オクトパス,octopus,,,,0,,chara,2820,,0,,,15,100,0,,Water,,,octopus,none,,,"1,80","hand_Darkness/60,ActEntangle,ActNTR,ActTouchDrown/50",,,,,chara,,,,,,,,,,,,,,,
ika,446,クラーケンの赤子,baby kraken,,,,0,,chara,2821,,0,,,25,100,0,,Water,,,octopus,predator,,,"1,80","ActEntangle/20,ActTouchDrown/20",,,,,chara,,,,,,,,,,,,,,,
kraken,461,クラーケン,kraken,,,,0,,chara_LW,202,,0,,,50,20,0,,Water,,,octopus,predator,,,"1,20","SpSummonTako/50,hand_Darkness/60,ActEntangle,ActNTR,ActTouchDrown/50",,"meleeDistance/3,mod_splash/50,featMassSummoner/1",,,chara,,,,,,,,,,,,,,,
sahagin,463,サハギン,sahagin,,,,0,,chara,2822,,0,,,16,100,0,,Water,,,mermaid,warrior,,,"1,80",,,,,,chara,,,,,,,,,,,,,,,
sahagin_burglar,466,サハギン・バーグラー,sahagin burglar,,,,0,,chara,2824,,0,,,19,100,0,,Water,,,mermaid,thief,,,"1,80",,,,,,chara,,,,,,,,,,,,,,,
sahagin_sorcerer,468,サハギン・ソーサラー,sahagin sorcerer,,,,0,,chara,2825,,0,,,22,100,0,,Water,,,mermaid,wizard,,,"3,50","bolt_Cold,miasma_Cold,SpHealHeavy,SpSummonFish/20",,,,,chara,,,,,,,,,,,,,,,
jellyfish,443,クラゲ,jellyfish,,,,0,,chara,2818,,0,,,6,100,0,,Water,,,octopus,none,,root,"1,5,0",hand_Nerve/200,,,,,chara,,,,,,,,,,,,,,,
jellyfish_deep,487,深海クラゲ,deep jellyfish,,,,0,,chara,2313,,100,,,24,100,0,,Water,random_color,,octopus,none,,root,"1,5,0",hand_Nerve/200,,,,,chara,,,,,wisp_bright,deep_jellyfish,,,,,,,,,
tacchan,441,タッキー,seahorse,,,,0,,chara,2816,,100,,,7,100,0,,Water,mini,,fish,none,,,"2,60",breathe_/1,"Fire,Cold,Lightning,Mind,Nerve",,,,chara,,,,,,,,,,,,,,,
putty,158,プチ,putit,,,,0,,chara,2506,,0,,,1,250,0,,,,,slime,none,,,"1,80",,,,,,chara,,,putty,,,,,,,,putty,hop,,,
putty_mech,512,失敗作,failure,,,,0,,chara,2705,,0,,copper,1,100,0,,Factory,,,machine,none,,,"1,80",,,,,,chara,,,putty,,,,,,,,putty,hop,,,
putty_mech_b,524,ベス失敗作,beth failure,,,,0,,chara,2905,,0,,copper,5,100,0,,Factory,,,machine,none,,,"1,80",,,,,,chara,,,putty,,,,,,,,putty,hop,,,
putty_red,341,ベスプチ,beth putit,,,,0,,chara,2507,,0,,,4,200,0,,,,,slime,none,,,"1,80",,,,,,chara,,,putty,,,,,,,,putty,hop,,,
putty_water,459,水プチ,water putit,,,,0,,chara,2306,,0,,,5,100,0,,Water,water,,slime,none,,,"1,80",,,,,,chara,,,putty,,,,,,,,putty,hop,,,
broom_chara,317,魔女のホウキ,witch's broom,,,,0,,chara,2114,,0,,,10,0,0,,,noRandomProduct,,wisp,none,,,"1,80",,,,,,chara,,,,,,,,,,,,hop,,,
rabbit,160,野ウサギ,rabbit,,,,0,,chara,1709,,0,,,1,100,0,Neutral,,,,rabbit,tourist,,,"1,80",,,,,,chara,,livestock,,,,,,,,,,hop,,,
rat,161,ネズミ,rat,,,,0,,chara,1302,,0,,,1,100,0,,,,,rat,none,,,"1,80",ActWeaken/20,,,,,chara,,livestock,,,,,,,,,rat,hop,,,
snail,180,かたつむり,snail,,,,0,,chara,"1708,1614,1615,1616,1617,1708",,0,,,1,100,0,,,,,snail,tourist,,,"1,80",,,featGeneSlot/1,,,chara,,livestock,,,,,,,,,snail,,,,
snail_sea,442,海かたつむり,sea snail,,,,0,,chara,2817,,100,,,14,100,0,,Water,"random_color,sand",,snail,predator,,,"1,80","hand_Poison/40,hand_Acid/20",,,,,chara,,livestock,,,,,,,,,snail,,,,
tourist,190,*r,*r,観光客,tourist,,0,,chara,"916,917",,0,,,1,100,0,Neutral,,neutral,,yerles,tourist,,,"1,80",,,,,,chara,,resident,,,,,,,Fish,,tourist,,,,
bit,252,#ele4ファンネル,#ele funnel,,,,0,,chara,1613,,100,,,1,0,0,Neutral,Factory,,,wisp,none,,,"3,50",arrow_/100,"Fire,Cold,Lightning,Darkness,Mind,Poison,Nerve,Nether,Sound,Chaos",featMagicManner/1,,,chara,,,,,wisp,,,,,,,,,,
dog,48,仔犬,puppy,,,,0,,chara,1625,,0,,,1,100,0,Neutral,,,,dog,none,,,"1,80",,,,,,chara,,livestock,,,,,,,,,poppy,hop,,,
dog_ves,529,「ヴェセル」と名付けられた仔犬,"puppy named ""Vesel""",,,,0,,chara,1625,,0,,,2,0,0,Neutral,,,,dog,paladin,tank,,"1,80",StTaunt,,featLoyal/1,,,chara,,livestock,,,,,,luck,,,poppy,hop,,,
fox_wild,424,野狐,wild fox,,,,0,,chara,2608,,0,,,5,20,0,Neutral,,,,dog,none,,,"1,80",,,,,tail_fox/50,chara,,livestock,,,,,,,,,poppy,hop,,,
dachshund,426,ダックスフンド,dachshund,,,,0,,chara,2610,,0,,,3,20,0,Neutral,,,,dog,none,,,"1,80",,,,,,chara,,livestock,,,,,,,,,poppy,hop,,,
hermitcrab,90,やどかり,hermit crab,,,,0,,chara,1715,,0,,,1,100,0,,Sand,,,shell,predator,,stand,"1,70",,,,,,chara,,livestock,,,,,,,,,,,,,
hermitcrab_king,428,ヤドカーン,king hermit crab,,,,0,,chara,2710,,0,,,26,100,0,,Sand,,,shell,predator,,stand,"1,70",,,"PV/100,PDR/50,EDR/95,mana/-60,vigor/-80",,,chara,,livestock,,,,,,,,,,,,,
turtle,435,亀,turtle,,,,0,,chara,2810,,100,,,14,100,0,Neutral,Sand,random_color,,shell,paladin,,stand,"1,70",SpHealHeavy/30,,,,shield_turtle/50,chara,,livestock,,,,,,healing,,,,,,,
sea_worm,458,ウミミミズ,sea worm,,,,0,,chara,2728,,100,,,2,100,0,,Water,"random_color,water",,mandrake,none,,root,"4,0,0",,,,,,chara,,livestock,,,,,,,,,,,,,
sea_anemone,436,海のアネモネ,sea anemone,,,,0,,chara,2811,,100,,,12,100,0,,Water,"random_color,water",,mandrake,none,,root,"4,0,0","ActEntangle/70,hand_Nerve,hand_Poison,hand_Mind",,,,,chara,,livestock,,,,,,,,,,,,,
dragon_leafy,437,リーフィーシー#ele5ドラゴン,leafy sea #ele5 dragon,,,,0,,chara,"2812,2813",,100,,,32,50,0,,Water,"random_color,water",,drake,predator,,stand,"1,80",breathe_/20,"Cold,Lightning,Nerve",featAquatic/2,,,chara,,livestock,,,,,,,,,,,,,
shojo,172,*r,*r,少女,little girl,,0,,chara,1003,,0,,,4,100,0,Neutral,,neutral,,roran,warrior,tank,,"1,100",StTaunt,,featHardy/3,,,chara,,resident,,,,,,,Lumberjack,,shojo,,,,
sister,176,*r,*r,妹,younger sister,,0,,chara,1918,1919,0,,,1,100,0,Neutral,,neutral,,roran,thief,,,,,,,,,chara,,resident,,,,,f,,,,sister,,,,
olderyoungersister,321,年上の妹,older younger sister,,,,0,,chara,"2022,2022,2023",,0,,,15,0,4,Friend,,neutral,OlderYoungerSister,roran,swordsage,,,"1,80",weapon_Chaos,,"resChaos/20,featAdam/5",,,chara,,resident,,,,,f/51044/152/46/friendly|私|あなた,,,,olderyoungersister,,,,
cat,27,仔猫,kitten,,,,0,,chara,"1620,1621,1622,1623",,0,,,3,100,0,Neutral,,,,cat,none,,,"1,80",,,featHardy/3,,,chara,,livestock,,,,,,,,,cat,hop,,,
littleOne,110,リトルシスター,little sister,,,,0,,chara,928,,0,,,1,0,4,Neutral,,neutral,LittleOne,mutant,tourist,,,"5,100",,,featLittleOne/1,,,chara,,,,,,,f,,,,littleOne,,,,
producer,152,プロデューサー,producer,,,,0,,chara,1021,,0,,,1,100,0,Neutral,,neutral,,juere,tourist,,,,,,,,,chara,,,,,,,,,,Rich,,,,,
fisher,257,*r,*r,釣り人,fisher,,0,,chara,"1118,1119",,0,,,1,100,0,Neutral,,neutral,,yerles,tourist,,,"1,80",,,,,,chara,,resident,,,,,,,Fish,,tourist,,,,
elder,54,*r,*r,老人,senior,,0,,chara,"800,801","1821,1822",0,,,1,100,0,Neutral,,neutral,,norland,none,,,"2,50",,,,,,chara,,resident,,,,,,,,,elder,,,,
shadow,297,影,shadow,,,,0,,chara,1415,,0,,,1,0,0,,,kamikaze,,bat,none,,,"1,80",ActSuicide,Sound,,,,chara,,,,,,,,,,,,,,,
tsunami,476,海嘯,tidal wave,,,,0,,chara,1321,,0,,,1,0,0,,,kamikaze,,slime,none,,,"1,100",,Cold,"SPD/500,mod_ammo_knockback/100,PDR/90,EDR/90",,,chara,,,,,,,,,,,,,,,
younglady,207,*r,*r,嬢,young lady,,0,,chara,"1017,1017,2108,2108",,0,,,1,0,0,Neutral,,neutral,Bard,roran,pianist,,,,"ActThrowPotion/30,SpWeakness,SpSpeedDown",,,,,chara,,resident,,,,,,,,,lady,,,,
sister_cat,177,*r,*r,妹猫,younger cat sister,,0,,chara,1018,,0,,,1,0,0,Neutral,,neutral,,catsister,thief,,,,,,,,,chara,,resident,,,,,,,,,sister,,,,
sister_shark,460,*r,*r,妹シャーク,younger shark sister,,0,,chara,2826,,0,,,1,0,0,Neutral,,neutral,,roran,predator,,,,,Cut,"swimming/45,featPegasus/1,featAquatic/2",,tail_shark/200,chara,,resident,,,,,,,,,sister,,,,
sister_penguin,473,*r,*r,妹ペンギン,younger penguin sister,,0,,chara,2926,,0,,,14,5,0,Neutral,,"water,snow",,roran,tourist,,,,,,"featNorland/1,swimming/32,featPegasus/1,featAquatic/5",,,chara,,resident,,,,,,,,,sister,,,,
publicPerformer,154,大道芸人,public performer,,,,0,,chara,1200,,0,,,2,100,0,,,,,yerles,thief,,,"4,50","Wait,Wait",,,archer,,chara,,,,,,,,,,,performer,,,,
tourist_hotspring,192,*r,*r,温泉マニア,hotspring maniac,,0,,chara,"1112,1113",,0,,,2,100,0,Neutral,,neutral,,norland,tourist,,,"1,80",,,,,,chara,,resident,,,,,,,,,tourist_hotspring,,,,
mermaid_hotspring,316,*r,*r,温泉マーメイド,hotspring mermaid,,0,,chara,"2121,2121,2122,2122",,0,,,12,100,0,Neutral,,neutral,Bard,mermaid,pianist,,,"1,80",hand_Mind/60,,,,,chara,,resident,,,,,,,,,mermaid_hotspring,,,,
sheep,171,羊,sheep,,,,0,,chara,1312,,0,,,2,100,0,Neutral,,,,sheep,tourist,,,"1,80",,,,,,chara,,livestock,,,,,,,,,sheep,hop,,,
noble,226,*r,*r,貴族,noble,,0,,chara,"1824,1823","1924,1923",0,,,2,100,0,Friend,,neutral,Citizen,norland,warrior,,,"1,80",,,,,,chara,,resident,,,,,,,,Rich,noble,,,,
bat,12,コウモリ,bat,,,,0,,chara,1710,,0,,,2,100,0,,,,,bat,none,,,"2,80",,,,,,chara,,livestock,,,,,,,,,,,,,
bat_trans,533,コウモリ,bat,,,,0,,chara,3010,,0,,,2,0,0,,,noRandomProduct,,vampire,tourist,,,"2,80",,,,,,chara,,livestock,,,,,,,,,,,,,
bat_vampire,490,吸血コウモリ,vampire bat,,,,0,,chara,1610,,0,,,14,100,0,,,,,bat,predator,,,"2,80",ActDrainBlood/60,,resNether/15,,,chara,,livestock,,,,,,,,,,,,,
bat_dragon,491,ドラゴンバット,dragon bat,,,,0,,chara,1612,,0,,,30,100,0,,,dragon,,bat,predator,,,"1,80",,,,,,chara,,livestock,,,,,,,,,,,,,
griffin,353,グリフィン,Griffin,孤高のミミズク,"majestic owl ",,0,,chara,2206,,0,,,42,0,4,Friend,,,Griffin,chicken,predator,,,,,,"featBoost/1,levitation/1",,,chara,,livestock,,,,,m/8/45/6/VIP,,Hunt,Sleep,,,,,
yeek,205,イーク,yeek,,,,0,,chara,1712,,0,,,2,200,0,,,,,yeek,none,,,"1,80",,,,none,,chara,,livestock,,,,,,,,,,,,,
yeek_warrior,354,イークの戦士,yeek warrior,,,,0,,chara,2400,,0,,,6,100,0,,,,,yeek,warrior,,,"1,80",,,,,,chara,,livestock,,,,,,,,,,,,,
yeek_archer,355,イークの射手,yeek archer,,,,0,,chara,2401,,0,,,4,100,0,,,,,yeek,archer,,,"2,30",Wait,,,,,chara,,livestock,,,,,,,,,,,,,
yeek_kamikaze,356,カミカゼイーク,kamikaze yeek,,,,0,,chara,2402,,0,,,6,40,0,,,kamikaze,,yeek,none,,,"1,100",ActSuicide,,,,,chara,,livestock,,,,,,,,,,,,,
yeek_master,357,マスターイーク,master yeek,,,,0,,chara,2403,,0,,,9,100,0,,,,,yeek,wizard,,,"3,70","SpTeleportShort/30,bolt_Darkness/50,SpSummonYeek/30",,featSummoner/1,,,chara,,livestock,,,,,,,,,,,,,
loytel,290,ロイテル,Loytel,開拓監査官,frontier inspector,,0,,chara,1922,826,0,,,2,0,4,Friend,,,Loytel,norland,gunner,,,,,,,,,chara,,,,,,,m/32/188/74/rude|私|お前,,Supervising,Gardening,loytel,,,,
quru,308,クルイツゥア,Quruitzia,災眼の,ill eyed,,0,,chara,1921,828,0,,,14,0,4,Friend,,,Quru,norland,warmage,,,"1,60","hand_Nether/50,arrow_Magic/50,bolt_Cold/50,bolt_Darkness/50",,,,,chara,,,,,,,f/13/140/41/friendly|私|貴方,,Chore,Cook,quru,,,,
corgon,318,コルゴン,Corgon,鋼鉄竜,steel dragon,,0,,chara,2124,829,0,,,8,0,4,Friend,,,Corgon,dragon,predator,,,,,,"featRoran/1,featGeneSlot/2",,,chara,,,,,,,m/72/120/134/friendly,,Hoard,Sleep,,,,,
kettle,309,ケトル,Kettle,放浪の錬金術師,wandering alchemist,,0,,chara,1920,824,0,,,10,0,4,Friend,,,Kettle,norland,alchemist,,,"2,50","SpHOT/60,SpResEle/50/pt,weapon_Mind,arrow_Mind/70",,,,,chara,,,,,,,m/78062252/174/59/friendly|私|君,,Research,Walk,kettle,,,,
duck,52,アヒル,duck,,,,0,,chara,"1311,2611",,0,,,3,100,0,Neutral,,staticSkin,,chicken,none,,,"1,80",,,,,,chara,,livestock,,,,,,,,,chicken,hop,,,
floatingeye,64,フローティングアイ,floating eye,,,,0,,chara,1300,,0,,,3,100,0,,,,,eye,none,,stand,"1,10,0",hand_Nerve/80,Nerve/100,,,,chara,,,,,,,,,,,,,,,
prostitute,153,*r,*r,娼婦,prostitute,,0,,chara,"1110,1111",,0,,,3,100,0,Friend,,neutral,Bitch,norland,thief,,,"1,80",,,,,,chara,,resident,,,,,,,Feel,,bitch,,,,
dancer,351,*r,*r,ダンサー,dancer,,0,,chara,"2300,2301",,0,,,9,100,0,Friend,,neutral,BitchDancer,norland,thief,,,"1,80",,,,,,chara,,resident,,,,,,,Cheer,,bitch,,,,
goat,74,ヤギ,goat,,,,0,,chara,"1313,1314",,0,,,3,100,0,Neutral,,,,sheep,none,,,"1,80",,,,,,chara,,livestock,,,,,,,,,sheep,hop,,,
artist,227,*r,*r,芸術家の卵,artist,,0,,chara,"1829,1828",,0,,,3,100,0,Friend,,neutral,Citizen,norland,wizard,,,"1,80",hand_Mind/70,,,,,chara,,resident,,,,,,,,Paint,artist,,,,
goblin,75,ゴブリン,goblin,,,,0,,chara,1422,,0,,,3,200,0,,,,,goblin,none,,,"1,80",,,,,,chara,,,,,,,,,,,,,,,
goblin_warrior,369,ゴブリンの戦士,goblin warrior,,,,0,,chara,2410,,0,,,7,150,0,,,,,goblin,warrior,,,"1,80",,,,,,chara,,,,,,,,,,,,,,,
goblin_wizard,370,ゴブリンの魔法使い,goblin wizard,,,,0,,chara,2411,,0,,,8,100,0,,,,,goblin,wizard,,,"1,80","arrow_Lightning/50,SpTeleportShort/15",,,,,chara,,,,readBook,,,,,,,,,,,
goblin_shaman,371,ゴブリンシャーマン,goblin shaman,,,,0,,chara,2412,,0,,,8,100,0,,,,,goblin,warmage,hexer,,"1,80","SpHealLight/60,bolt_Fire/60,SpSpeedDown/40,SpSummon/60",,,,,chara,,,,,,,,,,,,,,,
orc_warrior,372,オークの戦士,orc warrior,,,,0,,chara,1420,,0,,,11,150,0,,,,,orc,warrior,,,"1,80",,,,,,chara,,,,,,,,,,,,,,,
gnome,73,ノーム,gnome,,,,0,,chara,1402,,0,,,3,100,0,,,,,goblin,none,,,"1,80","SpTeleport/50,ActSteal/30",,,,,chara,,,,,,,,,,,,,,,
quickling,439,クイックリング,quickling,,,,0,,chara,2814,,0,,,15,25,0,,,,,quickling,none,,,"2,50","ActSteal/20,ActStealMoney/50",,,,,chara,,,,,,,,,,,,,,,
quickling_archer,440,クイックリングの弓使い,quickling archer,,,,0,,chara,2815,,0,,,19,25,0,,,,,quickling,archer,,,"3,50",ActInsult/20,,,,,chara,,,,,,,,,,,,,,,
centaur_archer,509,ケンタウロスの弓使い,centaur archer,,,,0,,chara,"2920,2919",,100,,,28,100,0,,,random_color,,centaur,archer,,,"4,50",,,,,,chara,,,,,,,,,,,,,,,
pig,149,豚,pig,,,,0,,chara,1309,,0,,,4,100,0,Neutral,,,,animal,predator,,,"1,50",ActRush,,,,,chara,,livestock,,,,,,,,,pig,hop,,,
tourist_festival,191,*r,*r,祭りの観光客,festival tourist,,0,,chara,"1104,1105",,0,,,4,100,0,Friend,,neutral,Citizen,yerles,tourist,,,"1,80",,,,,,chara,,resident,,,,,,,Fish,,tourist_festival,,,,
citizen_cyber,38,*r,*r,サイバードームの住民,cyberdome civilian,,0,,chara,"918,919,920,921",,0,,,4,100,0,Friend,,neutral,Citizen,yerles,gunner,,,"2,80",,,,,,chara,,resident,,,,,,,,,citizen,,,,
citizen_exile,421,*r,*r,追放者,exile,,0,,chara,"2805,2806,2807,2808",,0,,,14,3,0,Friend,,neutral,CitizenExile,servant,wizard,,,"3,70","arrow_Magic/80,arrow_Nether/80,arrow_Darkness/80",,levitation/1,,,chara,,,,readBook,,,,element,,,,,,,
elder_exile,465,ビチェリン,Bicerin,追放者の長,elder exile,,0,,chara,2908,,0,,,25,0,4,Friend,,neutral,ExileElder,servant,wizard,,,"3,70","arrow_Magic/80,arrow_Nether/80,arrow_Darkness/80",,levitation/1,,,chara,,,,readBook,,,m/7249/178/44/shy|我|汝,element,,,,,,,
exile_girl,480,レイア,Leia,純白の法,white law,,0,,chara,2907,,0,,,18,0,4,Friend,,neutral,UniqueChara,lich,wizard,,,"3,70","ActManaAbsorb,SpHealHeavy,SpWisdom/100/pt,bolt_Lightning,bolt_Cold",,featNirvana/3,,,chara,,,,readBook,,,f/2417/147/44/polite|私|あなた,element,Chore,Cheer,,,,,
goose,77,ガチョウ,goose,,,,0,,chara,1318,,0,,,4,100,0,Neutral,,,,chicken,none,,,"1,80",,,,,,chara,,livestock,,,,,,,,,chicken,hop,,,
cat_silver,29,*r,*r,シルバーキャット,silver cat,,0,,chara,1407,,0,,,1,10,4,Neutral,,,Silvercat,cat,none,,,"1,80",,,featRoran/1,,,chara,,livestock,,,,,,,,,cat,hop,,,
cat_stray,334,迷子の子猫,stray cat,,,,0,,chara,1624,,0,,,10,100,0,Neutral,,,,cat,predator,,,"1,80",,,,,,chara,,livestock,,,,,,,,,cat_stray,hop,,,
bell_silver,17,シルバーベル,silver bell,,,,0,,chara,1423,,0,,,4,4,0,,,,,metal,none,,,"4,30","Wait,ActEscape/5",,,,"plat/1900,medal/500,mercury/100",chara,,,,,,,,,,,bell,,,,
bell_gold,402,ゴールドベル,gold bell,,,,0,,chara,2323,,0,,,5,3,0,,,,,metal,none,,,"4,30","Wait,ActEscape/5",,,,"money2/2900,medal/500,mercury/100",chara,,,,,,,,,,,bell,,,,
gangster,67,ごろつき,gangster,,,,0,,chara,1020,,0,,,5,100,0,,,,,yerles,none,,,"1,80",,,,,,chara,,resident,,,,,,,,,punk,,,,
prisoner,151,*r,*r,囚人,prisoner,,0,,chara,"1108,1109",,0,,,5,100,0,Neutral,,neutral,,norland,thief,,,"1,80",,,,,,chara,,resident,,,,,,,Lumberjack,,,,,,
begger,16,*r,*r,乞食,beggar,,0,,chara,"808,809",,0,,,5,100,0,Neutral,,neutral,,norland,tourist,,,"1,80",,,,,,chara,,resident,,,,,,,Farm,,begger,,,,
soldier_fallen,393,敗残兵,fallen soldier,,,,0,,chara,2302,,0,,,3,100,0,Neutral,,neutral,,norland,warrior,paladin,,"1,80",,,,,,chara,,resident,,,,,,,,,merc,,,,
merc,127,傭兵,mercenary,,,,0,,chara,"1008,1009",,0,,,5,100,0,Neutral,,neutral,,norland,warrior,,,"1,80",,,,,,chara,,resident,,,,,,,,,merc,,,,
master_arena,394,*r,*r,アリーナマスター,arena master,,0,,chara,2303,,0,,,40,100,0,Neutral,,neutral,Citizen,norland,warrior,tank,,"1,80","ActRush,StTaunt",,,,,chara,,resident,,,,,,,,,citizen,,,,
citizen,37,*r,*r,市民,citizen,,0,,chara,"802,803,804,805","1816,1817,1814,1815",0,,,5,100,0,Friend,,neutral,Citizen,norland,none,,,,,,,,,chara,,resident,,,,,,,,,citizen,,,,
citizen_fairy,335,*r,*r,市民,citizen,,0,,chara,"2328,2329,2324,2325",,0,,,5,100,0,Friend,,neutral,Citizen,fairy,none,,,,,,,,,chara,,resident,,,,,,,,,citizen,,,,
citizen_elea,254,*r,*r,市民,citizen,,0,,chara,"1216,1217,1218,1219",,0,,,5,100,0,Friend,,neutral,Citizen,elea,none,,,,hand_Ether/50,,,,,chara,,resident,,,,,,,,,citizen,,,,
citizen_mifu,276,*r,*r,市民,citizen,,0,,chara,"1220,1221",,0,,,5,5,0,Friend,,neutral,Citizen,mifu,none,,,,miasma_Nether/50,,,,,chara,,resident,,,,,,,,,citizen,,,,
citizen_nefu,277,*r,*r,市民,citizen,,0,,chara,"1222,1223",,0,,,5,5,0,Friend,,neutral,Citizen,nefu,none,,,,weapon_Holy/50,,,,,chara,,resident,,,,,,,,,citizen,,,,
citizen_steam,288,*r,*r,市民,citizen,,0,,chara,"2102,2103","2202,2203",0,,,5,100,0,Friend,,neutral,Citizen,yerles,gunner,,,,,,,,,chara,,resident,,,,,,,,,citizen,,,,
fox_mifu,273,*r,*r,狐族,foxfolk,,0,,chara,"1329,1330",,0,,,5,5,0,Neutral,,neutral,Citizen,mifu,bard,,,"2,30","SpSilence/20,funnel_Nether",,,,,chara,,,,,,,,,,,adventurer_fox,,,,
alpaca,3,アルパカ,alpaca,,,,0,,chara,1316,,0,,,6,100,0,Neutral,,,,sheep,predator,,,,,,,,,chara,,livestock,,,,,,,,,sheep,hop,,,
cancer,23,カニ,crab,,,,0,,chara,1717,,0,,,6,100,0,,Sand,,,crab,predator,,,,ActCrabBreathe/30,,,,,chara,,livestock,,,,,,,,,,,,,
turkey,195,七面鳥,turkey,,,,0,,chara,1317,,0,,,6,100,0,,,,,chicken,predator,,,,,,,,,chara,,livestock,,,,,,,,,,hop,,,
maid,117,*r,*r,メイド,maid,,0,,chara,"815,816",,0,,,6,100,0,Friend,,neutral,Maid,yerles,tourist,,,,,,,,,chara,,resident,,,,,,,"Clean,Chore",,maid,,,,
spider_tarantula,495,タランチュラ,tarantula,,,,0,,chara,"1416,2614",,0,,,14,70,0,,,"staticSkin,antiSpider",,spider,none,,,"1,80",SpWeb/50,Poison,,,,chara,,,,,,,,,,,spider,,,,
spider_spotted,181,まだら蜘蛛,spotted spider,,,,0,,chara,"1512,2613",,0,,,6,70,0,,,"staticSkin,antiSpider",,spider,none,,,"1,80",SpWeb/50,,,,,chara,,,,,,,,,,,spider,,,,
spider_black,407,ブラックウィドウ,black widow,,,,0,,chara,"2512,2612",,0,,,18,70,0,,,"staticSkin,antiSpider",,spider,predator,,,"1,80",SpWeb/50,Poison,,,,chara,,,,,,,,,,,spider,,,,
spider_vampire,501,吸血蜘蛛,vampire spider,,,,0,,chara,"3029,3030",,0,,,32,70,0,,,"staticSkin,antiSpider",,spider,predator,,,"1,80",ActDrainBlood/25,Nether,,,,chara,,,,,,,,,,,spider,,,,
spider_paralyzer,502,パラライザー,paralyzer,,,,0,,chara,"3027,3028",,0,,,26,70,0,,,"staticSkin,antiSpider",,spider,predator,,,"1,80",,Nerve,,,,chara,,,,,,,,,,,spider,,,,
spider_queen,503,闇の大蜘蛛,dark spider queen,,,,0,,chara,"3025,3026",,0,,,40,35,0,,,"staticSkin,antiSpider",,spider,predator,,,"1,80","SpWeb/50,SpResEle/100/pt,ActGazeDim/30,SpWeakness,SpHero/100/pt,SpNightmare",,"resDarkness/20,life/100",,,chara,,,,,,,,,,,,,,,
cocoon,536,コクーン,cocoon,,,,0,,chara,"3125,3126,3125,3127",,0,,,28,100,0,,,,,spider,none,cocoon,root,"1,0,0",Wait,,featGeneSlot/10,,,chara,,,,,,,,,,,,,,,
orc,146,オーク,orc,,,,0,,chara,2413,,0,,,6,200,0,,,,,orc,none,,,,,,,,,chara,,,,,,,,,,,,,,,
squirrel,183,巨大リス,giant squirrel,,,,0,,chara,1412,,0,,,6,100,0,,Forest,,,rabbit,predator,,,"1,100",,,,,,chara,,livestock,,,,,,,,,,hop,,,
squirrel_killer,488,殺人リス,killer squirrel,,,,0,,chara,2312,,0,,,12,100,0,,Forest,,,rabbit,predator,,,"1,100",,,,,,chara,,livestock,,,,,,,,,,hop,,,
twintail,196,ツインテール,twintail,,,,0,,chara,1711,,0,,,7,0,0,Neutral,,,,cat,wizard,,,"3,100","SpInvisibility,funnel_Holy/50",,,,,chara,,livestock,,,,,,,,,twintail,hop,,,
senior,169,*r,*r,長老,elder,,0,,chara,"1102,1103",,0,,,7,100,0,Friend,,neutral,Elder,norland,tourist,,,,,,,,,chara,,resident,,,,,,,,Rich,mayor,,,,
kobolt,104,コボルト,kobold,,,,0,,chara,1418,,0,,,7,150,0,,,,,kobolt,warrior,,,,,,,,,chara,,,,,,,,,,,,,,,
wasp,199,ワスプ,wasp,,,,0,,chara,1405,,0,,,7,100,0,,,,,wasp,none,,,"2,30",hand_Poison/30,,,,,chara,,,,,,,,,,,,,,,
adv,1,*r,*r,冒険者,adventurer,,0,,chara,"2212,2213,2214,2215,2216,2217,2218,2219,2220,2221,2222,2223,2224,2225,2228,2229,2230,2231",,0,,,10,0,0,Friend,,neutral,Adventurer,norland,predator,,,,,,,,,chara,,,,,,,,,,,,,,,
adv_fairy,337,*r,*r,冒険者,adventurer,,0,,chara,"2126,2127,2128,2129",,100,,,10,0,0,Friend,,"neutral,random_color",Adventurer,fairy,predator,,,,,,,,,chara,,,,,,,,,,,fairy,,,,
adv_kiria,310,キリア,Kiria,機械人形,"mechanical doll ",,0,,chara,2117,,0,,,32,0,0,Friend,,neutral,AdventurerBacker,machine,warrior,,,"1,90","ActRush,bit_Lightning/100,hand_Cold/30",,"weaponGun/25,marksman/20,featMiscreation/2",,,chara,,,,,,,f/12/120/65/polite|私|貴方,machine,,,,,,,
adv_gaki,312,牙姫,Gaki,神に呪われし,god cursed,,0,,chara,2115,715,0,,,26,0,0,Friend,,neutral,AdventurerBacker,juere,thief,,,"1,30",ActInsult,,,,,chara,,,,,,,f/15/140/35/rude|アタシ|お前,wind,,,,,,,
adv_wini,313,ウィニ,Wini,永遠の旅人,eternal traveler,,0,,chara,2119,716,0,,,50,0,0,Friend,,neutral,AdventurerBacker,elea,wizard,,,"3,50","arrow_Magic/50,bolt_Magic/50,ball_Magic/20,funnel_Magic/30,sword_Magic,ActCatHuffing",,,,,chara,,,,readBook,,,f/14/150/42/polite|私|貴方,element,,,,,,,
adv_verna,314,ヴェルナ,Verna,翳りの魔女,shadow witch,,0,,chara,2118,,0,,,55,0,0,Friend,,neutral,AdventurerBacker,norland,wizard,,,"2,50","SpSummonShadow/30,ball_Chaos/30,ball_Nether/40,ActInsult/40,SpSpeedUp/30",,"featBoost/1,levitation/1,resSound/20",,,chara,,,,readBook,,,f/18/156/44/friendly|私|君,,,,,,,,
adv_ivory,315,*r,*r,"象牙塔の使者 ","emissary of Ivory Tower ",,0,,chara,2116,717,0,,,25,0,0,Friend,,neutral,AdventurerBacker,elea,wizard,,,"3,50","arrow_Chaos/60,SpTeleportShort/50,ActInsult/50,SpSpeedUp/30,SpWisdom/50",,,,,chara,,,,readBook,,,f,,,,,,,,
adv_mesherada,325,メシェラーダ,Mesherada,運命の理解者,fated understander,,0,,chara,2026,,0,,,42,0,0,Friend,,neutral,AdventurerBacker,eulderna,warmage,,,"2,50","funnel_Holy/50,bolt_Lightning/50,SpHolyVeil/50/pt,SpWisdom/50/pt",,"levitation/1,resHoly/20",,,chara,,,,,,,f/1458/162/46/friendly|私|貴方,,,,,,,,
adv_yukiimo,485,妹雪豹,Younger snow leopard sister,,,,0,,chara,2315,718,0,,,31,0,0,Friend,,neutral,AdventurerBacker,mifu,inquisitor,,,"3,30","SpBane/50,SpCatsEye,miasma_Nerve,SpSpeedDown,SpHero/100/pt,ActCatHuffing",,,,,chara,,,,,,,f/13/151/43/friendly|僕|君,machine,,,,,,,
pursuer,497,追跡者,pursuer,,,,0,,chara,2314,,0,,,36,8,3,,,,,lich,inquisitor,,,"3,30","ActSummonSpecial,SpBane,SpCatsEye/100/pt,SpSeeInvisible/100/pt",,,,,chara,,,,,,,,oblivion,,,,,,,
stasha,185,スターシャ,Stasha,王宮のアイドル,idol of the royal court,,0,,chara,1801,,0,,,8,0,4,Friend,,party,UniqueChara,norland,bard,,,,ActCatHuffing,,,,,chara,,,,,,,f/14/157/44/polite|私|貴方,,,Rich,stasha,,,,
gambler,287,*r,*r,ギャンブラー,gambler,,0,,chara,"1928,1929,1928,1930",,0,,,8,100,0,Neutral,,neutral,,yerles,tourist,,,,,,,,,chara,,resident,,,,,,,Gacha,,tourist,,,,
putty_snow,213,雪プチ,snow putit,,,,0,,chara,"2419,2421,2422,2423,2319,2320,2621,2622,2623,2624,2625,2626",,0,,,8,100,0,,,"snow,staticSkin",,slime,tourist,,,,,,,,,chara,,,putty,,,,,,,,putty,hop,,,
putty_snow_gold,340,雪プチ,snow putit,,,,0,,chara,"2420,2619,2620",,0,,,15,3,0,,,"snow,staticSkin",,slime,wizard,,,"3,50",ActEscape/20,,,,money2/3500,chara,,,putty,,,,,,,,putty,hop,,,
mage_app,231,*r,*r,見習い魔術師,apprentice mage,,0,,chara,"1900,1901",,0,,,8,100,0,Neutral,,neutral,,eulderna,wizard,,,,"arrow_Lightning/25,SpTeleportShort/15,SpWeakResEle/30",,,,,chara,,resident,,readBook,,,,,,,,,,,
merchant_app,270,*r,*r,見習い商人,apprentice trader,,0,,chara,"2100,2101",,0,,,8,100,0,Neutral,,neutral,,eulderna,wizard,,,,,,,,,chara,,resident,,,,,,,,,,,,,
dog_hound,383,猟犬,hunting dog,,,,0,,chara,2307,,0,,,11,25,0,,Plain,,,dog,predator,tank,,,StTaunt,,,,,chara,,livestock,,,,,,,,,dog,hop,,,
dog_wild,50,犬,dog,,,,0,,chara,1206,,0,,,8,100,0,,Plain,,,dog,none,,,,,,,,,chara,,livestock,,,,,,,,,dog,hop,,,
bard,10,*r,*r,吟遊詩人,bard,,0,,chara,910,,0,,,8,100,0,Neutral,,neutral,Bard,juere,pianist,,,,,,,,,chara,,resident,,,,,,,,Instrument,bard,,,,
cat_wild,30,猫,cat,,,,0,,chara,1207,,0,,,8,100,0,Neutral,Plain,,,cat,none,,,,,,,,,chara,,livestock,,,,,,,,,cat,hop,,,
gwen,84,グウェン,Gwen,無邪気な少女,innocent girl,,0,,chara,1729,1931,0,,,8,0,4,Neutral,,,,roran,none,,,,,,,,,chara,,,,,,,,,Chore,Walk,,,,,
infantry,95,歩兵,infantry,,,,0,,chara,1023,,0,,,8,100,0,Neutral,,neutral,,juere,warrior,tank,,,StTaunt,,,,,chara,,resident,,,,,,,,,,,,,
rock_thrower,164,ロックスロアー,rock thrower,,,,0,,chara,1014,,0,,,8,100,0,,,,,yerles,thief,,,"3,50",Wait,,,,,chara,,,,,,,,,,,,,,,
mayor,229,*r,*r,市長,mayor,,0,,chara,1830,,0,,,8,100,0,Friend,,neutral,Mayor,norland,gunner,,,,,,,,,chara,,resident,,,,,,,,,mayor,,,,
caterpillar,494,イモムシ,caterpillar,,,,0,,chara,"2922,3022",,0,,,5,25,0,Neutral,Forest,"staticSkin,antiSpider",,beetle,none,,,"1,30",Wait,,featGeneSlot/2,,,chara,,livestock,,,,,,,,,,,,,
scorpion,168,サソリ,scorpion,,,,0,,chara,1700,,0,,,7,100,0,,Sand,,,centipede,none,,,"1,80",,Poison,,,,chara,,livestock,,,,,,,,,,,,,
scorpion_sea,474,ウミサソリ,sea scorpion,,,,0,,chara,2730,,0,,,14,100,0,,,water,,centipede,predator,,,"1,80",,Poison/100,swimming/40,,,chara,,livestock,,,,,,,,,,,,,
scorpion_king,366,ダイオウサソリ,king scorpion,,,,0,,chara,2408,,0,,,21,100,0,,Sand,,,centipede,predator,,,"1,80",,Poison/80,,,,chara,,livestock,,,,,,,,,,,,,
bearCub,13,子熊,bear cub,,,,0,,chara,1805,,0,,,8,100,0,,,,,bear,none,,,,,,,,,chara,,livestock,,,,,,,,,,,,,
raccoon,425,アライグマ,"raccoon ",,,,0,,chara,2609,,0,,,5,20,0,Neutral,,,,bear,none,,,,,,,,,chara,,livestock,,,,,,,,,,,,,
farris,62,ファリス,Farris,オルヴィナの唄い手,talesinger of Olvina,,0,,chara,1723,2031,0,,,8,0,4,Friend,,party,Farris,norland,bard,,,"2,50","SpHealLight/60,SpHero/60/pt,SongSleep",,,,,chara,,resident,,,,,f/28/158/42/nano|私|貴方,,Sing,Sing,farris,,,オルヴィナ村村長の二人娘の姉。主に期待を寄せつつも、主が死を欺いたことに対してはどうしても納得できず、主は死ぬべきだと思っている。,
boar,20,イノシシ,boar,,,,0,,chara,1310,,0,,,8,100,0,,Forest,,,animal,predator,,,"1,50",ActRush,,,,,chara,,livestock,,,,,,,,,,hop,,,
imp,93,インプ,imp,,,,0,,chara,1410,,0,,,8,100,0,,,,,imp,none,,,"2,50","arrow_Magic/25,SpTeleportShort/15,SpWeakResEle/30",,,,,chara,,,,,,,,,,,,,,,
imp_nether,403,冥界の使い,nether imp,,,,0,,chara,2511,,0,,,24,100,0,,,,,imp,none,,,"2,50","arrow_Nether/50,SpTeleportShort/15",,resNether/20,,,chara,,,,,,,,,,,,,,,
imp_chaos,404,カオスインプ,chaos imp,,,,0,,chara,2510,,0,,,32,100,0,,,,,imp,none,,,"2,50","arrow_Chaos/50,SpTeleportShort/15",,resChaos/20,,,chara,,,,,,,,,,,,,,,
mage,116,*r,*r,魔術師,mage,,0,,chara,"906,907",,0,,,8,100,0,Friend,,neutral,Appraiser,eulderna,wizard,,,"3,50","hand_Lightning/80,arrow_Cold/40,bolt_Fire/40",,,,,chara,,resident,,buffMage,,,,,Research,,mage,,,,
zombie,210,ゾンビ,zombie,,,,0,,chara,1419,,0,,,8,100,0,,,,,zombie,predator,,,"1,50",,,,,,chara,,,,,,,,,,,,,,,
hand,85,亡者の手,hand of the dead,,,,0,,chara,1701,,0,,,9,100,0,,Mud,,,hand,none,,stand,"3,25","ActDraw/20,ActWeaken/25",Darkness,,,,chara,,,,,,,,,,,,,,,
hand_killer,420,殺人鬼の手,hand of the murderer,,,,0,,chara,"2604,2605",,0,,,17,100,0,,Mud,,,hand,warrior,,stand,"1,25",SpWeakness/80,,,,,chara,,,,,,,,,,,,,,,
hand_drown,422,溺れる手,hand of the drown,,,,0,,chara,2606,,0,,,29,50,0,,Mud,,,hand,predator,,stand,"1,25",ActTouchDrown,Cold,,,,chara,,,,,,,,,,,,,,,
hand_magic,423,奇術師の手,hand of the magician,,,,0,,chara,2607,,0,,,29,50,0,,Mud,,,hand,witch,,stand,"3,25","SpInvisibility,SpSeeInvisible/100/pt,SpTransmutePutit/70,SpTransmuteBroom/40,SpSummon/60",,seeInvisible/1,,,chara,,,,,,,,,,,,,,,
llama,112,ラマ,llama,,,,0,,chara,1315,,0,,,9,100,0,Neutral,,snow,,sheep,none,,,,,,,,,chara,,livestock,,,,,,,,,,hop,,,
farmer,61,*r,*r,農夫,farmer,,0,,chara,"914,915",,0,,,5,100,0,Neutral,,neutral,,norland,farmer,,,,,,,,,chara,,resident,,,,,,,Farm,Gardening,farmer,,,,
miner,350,*r,*r,鉱夫,miner,,0,,chara,"2204,2205",,0,,,7,100,0,Neutral,,neutral,,norland,farmer,,,,,,,,,chara,,resident,,,,,,,,TreasureHunt,farmer,,,,
rogue,418,*r,*r,ならずもの,rogue,,0,,chara,"2304,2305",,0,,,6,100,0,Neutral,,neutral,Rogue,norland,thief,,,,ActStealMoney/40,,,,,chara,,resident,,,,,,,,,merc,,,,
bee,14,蜂,bee,,,,0,,chara,1319,,0,,,9,100,0,,Forest,,,wasp,none,,,"2,100",hand_Poison/20,,,,queenbee/50,chara,,,,,,,,,,,,hop,,,
flower_man,65,人食い花,man eating flower,,,,0,,chara,1505,,0,,,9,100,0,,,,,mandrake,none,,root,"1,5,5",miasma_Poison/20,,,,shield_flower/50,chara,,,,,,,,,,,,,,,
flower_chaos,415,カオスフラワー,chaos flower,,,,0,,chara,2514,,0,,,20,100,0,,,,,mandrake,none,,root,"1,5,5",miasma_Chaos/15,Chaos,,,,chara,,,,,,,,,,,,,,,
grudge,79,怨念,grudge,,,,0,,chara,1413,,0,,,9,100,0,,,,,ghost,none,hexer,,"1,80","ActWeaken/70,SpSpeedDown/10,SpWeakness/10",,,,,chara,,,,,,,,,,,,,,,
geist,417,ポルターガイスト,poltergeist,,,,0,,chara,2603,,0,,,30,25,0,,,,,ghost,none,hexer,,"3,30","SpSpeedDown/40,SpGate/20,SpTeleportShort/50,SpSummonMonster",,"invisibility/1,featMassSummoner/1",,,chara,,,,,,,,,,,,,,,
rich,163,*r,*r,富豪,magnate,,0,,chara,"924,925",,0,,,10,100,0,Neutral,,neutral,,norland,none,,,,,,,,,chara,,resident,,,,,,,,Rich,rich,,,,
nun,212,*r,*r,修道女,nun,,0,,chara,"1812,1813",,0,,,10,100,0,Neutral,,neutral,Citizen,norland,tourist,,,,"SpHealLight/60,SpHolyVeil,hand_Holy",,featHealer/1,,,chara,,resident,,,,,,,,,nun,,,,
slime_plain,396,スライム,slime,,,,0,,chara,2508,,0,,,10,50,0,,,,,slime,predator,,,"1,40",,,featAcidBody/1,,,chara,,,,,,,,,,,putty,hop,,,
slime,179,弱酸性スライム,acid slime,,,,0,,chara,1301,,0,,,18,50,0,,,,,slime,predator,,,"1,40","hand_,puddle_/25",Acid,featAcidBody/1,,,chara,,,,,,,,,,,putty,hop,,,
defender,45,*r,*r,防衛者,defender,,0,,chara,1213,,0,,,10,0,0,Neutral,,"noPortrait,shield",,servant,paladin,,,"1,80","SpHealHeavy/60,SpHolyVeil/60/pt,SpRevive",,"resHoly/20,FPV/50,featHealer/1",,,chara,,,,,,,m,healing,,,defender,,,,
golden_knight,76,*r,*r,黄金の騎士,golden knight,,0,,chara,1212,,0,,,10,0,0,Neutral,,"noPortrait,shield",,servant,warrior,tank,,"1,30","ActRush,StTaunt,SpHOT/50",,"featEarthStrength/1,FPV/100",,,chara,,,,,,,f,earth,,,,,,,
fairysan,298,*r,*r,妖精さん,cute fairy,,0,,chara,817,,0,,,10,0,0,Neutral,,noPortrait,,servant,archer,,,"3,100","ActGazeDim/30,SpSpeedDown/50,arrow_Mind/50,SpSummonTentacle/100",,"featFairysan/1,levitation/1,featFairyResist/2,SPD/40,life/-50",,,chara,,,,,,,m,harvest,,,fairy,,,,
android,299,*r,*r,アンドロイド,android,,0,,chara,822,,0,,,10,0,0,Neutral,,noPortrait,,servant,gunner,,,"2,40",,,"featRapidArrow/2,featGolem/1,featReboot/1,featGeneSlot/1",,,chara,,,,,,,m,machine,,,,,,,
black_angel,300,*r,*r,黒天使,black angel,,0,,chara,819,,0,,,10,0,0,Neutral,,noPortrait,,servant,archer,,,"2,70","ActInsult,SpSpeedUp/50,SpSpeedDown/50",,"featRapidArrow/1,featBoost/1,levitation/1",,,chara,,,,,,,f,wind,,,black_angel,,,,
demitas,348,デミタス,Demitas,追放者,exile,,0,,chara,1705,825,0,,,18,0,4,Friend,,,Demitas,servant,wizard,,,"3,70","arrow_Poison/80,bolt_Cold/80,bolt_Darkness/80",,"featRapidMagic/1,resMagic/20,levitation/1",,,chara,,,,readBook,,,m/7265/186/53/shy|我|汝,eyth,Rumor,Walk,demitas,,,,
exile,301,*r,*r,追放者,exile,,0,,chara,1703,,0,,,10,0,0,Neutral,,noPortrait,,servant,wizard,,,"3,70","arrow_Magic/80,arrow_Nether/80,arrow_Darkness/80",,"featRapidMagic/1,resMagic/20,levitation/1",,,chara,,,,readBook,,,m,element,,,,,,,
white_vixen,302,*r,*r,白狐,white vixen,,0,,chara,821,,0,,,10,0,0,Neutral,,noPortrait,,servant,wizard,,,"2,50","bolt_Nether/70,bolt_Holy/40,funnel_Nether/10,funnel_Holy/10",,"featWhiteVixen/1,featFluffyTail/1,resHoly/20,SPD/30,life/-20",,,chara,,,,,,,f,trickery,,,,,,,
fox_maid,303,*r,*r,メイド狐,fox maid,,0,,chara,820,,0,,,10,0,0,Neutral,,noPortrait,,servant,paladin,tank,,"1,100","StTaunt,SpHero/50",,"featFoxMaid/1,featFluffyTail/1,life/-35",,,chara,,,,,,,f,moonshadow,,,,,,,
militant,327,*r,*r,ミリタント,militant,,0,,chara,823,,0,,,10,0,0,Neutral,,noPortrait,,servant,warmage,,,"1,100","SpHealCritical/30,SpHero/50",,featMilitant/1,,,chara,,,,,,,m,strife,,,,,,,
imotoroid,547,*r,*r,妹,younger sister,,0,,chara,3118,,0,,,28,5,0,Neutral,,neutral,,machine,inquisitor,,,"2,40",,,"featGeneSlot/1,vopal/25,featMiscreation/2",,,chara,,,,,,,f,,,,sister2,,,,
imotoroid_origin,548,*r,*r,妹,younger sister,,0,,chara,3119,,0,,,31,5,3,Neutral,,,UniqueMonster,machine,bard,,,"2,40",SpSummonImotoroid,,"featReboot/1,featMassSummoner/5,featSummoner/20,featGeneSlot/-3",,,chara,,,,,,,f,,,,sister,,,,
at,8,＠,@,,,,0,,chara,1531,,0,,,10,0,0,,,noRandomProduct,,norland,wizard,,,,,,,,,chara,,,,,,,,,,,,,,,
candle_ghost,24,蝋燭お化け,candle ghost,,,,0,,chara,1517,,0,,,11,100,0,,,,,ghost,none,,,,"SpBane/20,hand_Fire/50",,resFire/20,,,chara,,,,,fireplace,,,,,,,,,,
cobra,40,コブラ,cobra,,,,0,,chara,1506,,0,,,10,100,0,,,,,snake,none,,,"1,80",hand_Poison/40,,,,,chara,,,,,,,,,,,,,,,
cobra_king,367,キングコブラ,king cobra,,,,0,,chara,2407,,0,,,18,100,0,,,,,snake,predator,,,"1,80",hand_Poison/80,,,,,chara,,,,,,,,,,,,,,,
skeleton_warrior,178,骸骨戦士,skeleton warrior,,,,0,,chara,1513,,0,,,10,100,0,,,shield,,skeleton,warrior,,,,,,,,,chara,,,,,,,,,,,,,,,
skeleton_berserker,359,骸骨狂戦士,skeleton berserker,,,,0,,chara,2404,,0,,,24,100,0,,,shield,,skeleton,warrior,,,"1,100",,,,,,chara,,,,,,,,,,,,,,,
skeleton_spartoi,498,竜牙兵,dragon tooth warrior,,,,0,,chara,2309,,0,,,37,100,0,,,dragon,,skeleton,warrior,,,"1,100",,,,,,chara,,,,,,,,,,,,,,,
hardgay,86,ホットガイ,hot guy,,,,0,,chara,1427,,0,,,10,100,0,,,,,norland,none,,,"1,80",ActSuicide,,,,,chara,,,,,,,,,,,hardgay,,,,
phantom_lesser,148,レッサーファントム,lesser phantom,,,,0,,chara,1510,,0,,,10,100,0,,,shield,,phantom,wizard,,,"1,80",SpSpeedDown/60,,,,,chara,,,,,,,,,,,,,,,
cat_black,28,*r,*r,黒猫,black cat,,0,,chara,1408,,0,,,10,0,0,Neutral,,noPortrait,,servant,predator,,,"1,50","ActGazeInsane/50,SpBane/50,arrow_Nether/40",,"featLuckyCat/1,SPD/60,life/-50,featFluffyTail/1",,,chara,,,,,,,,luck,,,cat_black,hop,,,
caladrius,282,サギ,Caladrius,,,,0,,chara,2017,,0,,,11,100,0,Neutral,,"neutral,snow",,chicken,priest,,,"2,50","SpHOT/60,SpHero/50/pt,SpRevive",,featHealer/1,,,chara,,,,,,,,,,,chicken,hop,,,
unicorn,541,ユニコーン,unicorn,,,,0,,chara_LW,207,,0,,,33,10,0,Neutral,,dungeon,,horse,predator,,,,"SpHOT/100/pt,SpMoonSpear/60",,"featGeneSlot/1,resHoly/20,levitation/1,innocence/1",,unicorn_horn/1000,chara,,livestock,,,,,,,,,horse,,,,
unicorn_nm,542,ナイトメア,nightmare,,,,0,,chara,3020,,0,,,44,100,0,,,dungeon,,horse,predator,,,,"SpNightmare/100/pt,miasma_Mind,breathe_Nether/50",,"resChaos/15,resNether/10,levitation/1,innocence/-100",,unicorn_horn/10,chara,,livestock,,,,,,,,,horse,,,,
unicorn_kp,543,ケルピー,kelpie,,,,0,,chara,3021,,0,,,22,100,0,,Water,water,,horse,predator,,,,"ActTouchSleep,SongSleep,breathe_Cold/15",,"resMind/20,featAquatic/1",,unicorn_horn/5,chara,,livestock,,,,,,,,,horse,,,,
horse,91,馬,horse,,,,0,,chara,"1202,1203,1204,1205",,0,,,11,80,0,Neutral,,,,horse,predator,,,,,,,,,chara,,livestock,,,,,,,,,horse,,,,
horse_yowyn,338,ヨウィン馬,yowyn horse,,,,0,,chara,"1202,1203,1204,1205",,0,,,15,20,0,Neutral,,,,horse,predator,,,,,,SPD/15,,,chara,,livestock,,,,,,,,,horse,,,,
sailor,225,*r,*r,水夫,sailor,,0,,chara,"1826,1825","1926,1925",0,,,11,100,0,Friend,,neutral,Citizen,norland,thief,,,,,,,,,chara,,resident,,,,,,,,TreasureHunt,sailor,,,,
secretary,230,*r,*r,秘書,secretary,,0,,chara,1831,,0,,,11,100,0,Friend,,neutral,Secretary,norland,predator,,,,"SpHealHeavy/60,SpSilence",,,,,chara,,resident,,readBook,,,,,,,,,,,
secretary_fox,329,*r,*r,秘書,secretary,,0,,chara,1328,,0,,,11,5,0,Friend,,neutral,Secretary,nefu,predator,,,,"SpHealHeavy/60,SpSilence",,,,,chara,,resident,,readBook,,,f,moonshadow,,,,,,,
theolucia,189,シオルシア,Theolucia,歴史を学ぶ,scholar of history,,0,,chara,1722,,0,,,11,0,4,Friend,,,UniqueChara,norland,bard,,,,,,,,,chara,,,,readBook,,,f/25/166/48/friendly|私|あなた,,History,Cook,theolucia,,,,
raphael,392,ラファエロ,Raphael,女たらしの,womanizer,,0,,chara,2502,,0,,,12,0,4,Friend,,,UniqueChara,norland,predator,,,,,,innocence/-10,,,chara,,,,,,,m/6/82/15/rude|オレ|アンタ,,Romance,Feel,,,,,
moyer,373,モイアー,Moyer,キャラバンのマスコット,caravan's mascot,,0,,chara,2414,,0,,,8,0,4,Friend,,,Moyer,norland,bard,,,,,,,,,chara,,,,,,,m/12/160/52/rude|オレ|アンタ,,Game,Lottery,moyer,,,,
parttimer_jure,375,着ぐるみのバイト,part time mascot,,,,0,,chara,2414,,0,,,35,2,0,Friend,,noPortrait,PartTimeMascot,norland,pianist,,,,,,,,,chara,,,,,,,,,,,parttimer_jure,,,,
fox_nefu,274,*r,*r,狐族,foxfolk,,0,,chara,"1229,1230",,0,,,12,5,0,Neutral,,neutral,Citizen,nefu,thief,,,"1,100",weapon_Darkness,,,,,chara,,,,,,,,,,,adventurer_fox,,,,
puppet,157,パペット,puppet,,,,0,,chara,1305,,0,,,12,100,0,,,,,eulderna,predator,hexer,,"3,40","SpSpeedDown/30,SpWeakness/30,SpWeakResEle/20",,,,,chara,,,,,,,,,,,,,,,
sorin,517,ソリン,Sorin,魔道士,Magus,,0,,chara,2130,,0,,,15,0,4,Friend,,,Sorin,lich,warmage,,,"3,50","arrow_Nerve,miasma_Darkness,SpSilence,SpBane",,"featInquisitor/1,featElder/1",,,chara,,,,,,,m/278/162/52/polite|僕|あなた,,Research,Clean,,,,,
vesda,518,ヴェスダ,Vesda,火炎竜,Fire Dragon,,0,,chara,2131,,0,,,30,0,4,Friend,,,Vesda,dragon,paladin,,,,,,,,,chara,,,,,,,n/1102/159/46/rude|私|貴様,,,,,,,,
azzrasizzle,519,アズラシズル,Azrasizzle,不浄なる者,Impure,,0,,chara_LW,205,,0,,,38,0,4,,,boss,UniqueChara,undeadgod,warmage,,stand,"3,0","ActWombDark,Wait,Wait,arrow_Nerve,miasma_Darkness,ball_Darkness/40,SpSilence,SpBane,SpTeleportShort/15,SpGate/25,SpTeleport/10",,"featInquisitor/1,featBloodBond/3,controlmana/78",,,chara,,,,,,,m/0/278/143/rude|我|汝,oblivion,,,,,,,
isygarad,98,ガーラス,Isygarad,黒卿,Black Lord,,0,,chara,1728,,0,,,12,0,4,,,boss,UniqueChara,eulderna,warmage,,,,"miasma_Nerve,ball_Lightning/40,SpSilence,SpBane,funnel_Cold/40",,featInquisitor/1,,,chara,,,,,,,m/46/195/78/rude|俺|お主,,,,,,,,
nola,144,ノーラ,Nola,市長代理,acting mayor,,0,,chara,1806,,0,,,12,0,4,Friend,,,Nola,norland,bard,,,,,,,,,chara,,,,,,,m/26/184/66/polite|私|貴方,,Chore,Read,,,,,
test16,187,大食いトド,hungry sea lion,,,,0,,chara,1320,,0,,,12,100,0,,Sand,sand,,animal,none,,,,ActStealFood/40,,featHeavyEater/12,,,chara,,,,,,,,,,,gomachan,,,,
sealion_super,384,超大食いトド,super hungry sea lion,,,,0,,chara,1820,,0,,,32,100,0,,Sand,sand,,animal,predator,,,,ActStealFood/40,,featHeavyEater/12,,,chara,,,,,,,,,,,gomachan,,,,
sealion_legend,457,一角の獣,one horned beast,,,,0,,chara,2727,,0,,,44,50,0,,Sand,sand,,animal,predator,,,"1,60","bolt_Lightning,breathe_Lightning/70,miasma_Lightning/50,ActStealFood/80",Lightning,featHeavyEater/12,,,chara,,,,,,,,,,,gomachan,,,,
gomachan,434,アザラシ,Seal,,,,0,,chara,1530,,0,,,6,100,0,Neutral,Sand,sand,,animal,none,,,,,,,,,chara,,,,,,,,,,,gomachan,,,,
guild_warrior,250,*r,*r,戦士,fighter,,0,,chara,"2008,2009",,0,,,12,100,0,Neutral,,neutral,,norland,warrior,,,,,,,,,chara,,resident,,,,,,,,,,,,,
mush2,408,きのこ,mushroom,,,,0,,chara,2513,,0,,,4,100,0,,,,,mushroom,none,,root,"4,0,0","Wait,Wait",,,,,chara,,livestock,,,,,,,,,,,,,
mush,141,胞子きのこ,spore mushroom,,,,0,,chara,1714,,0,,,12,100,0,,,,,mushroom,none,,root,"4,0,0",Wait,,,,,chara,,livestock,,,,,,,,,,,,,
mush_zombie,496,お化けきのこ,monster mushroom,,,,0,,chara,2921,,0,,,23,100,0,,,undead,,mushroom,predator,,,"1,20","Wait,miasma_Mind,SpNightmare",,,,,chara,,livestock,,,,,,,,,,,,,
cow,42,牛,cow,,,,0,,chara,"1307,1308",,0,,,12,100,0,Neutral,,,,animal,predator,,,"1,50",ActRush,,,,,chara,,livestock,,,,,,,Farm,,cow,hop,,,
reindeer,256,トナカイ,reindeer,,,,0,,chara,1323,,0,,,12,100,0,,,snow,,horse,predator,,,,,,,,,chara,,livestock,,,,,,,,,,,,,
dog_shiba,275,柴犬,shiba dog,,,,0,,chara,"2015,2016",,0,,,12,100,0,,,,,shiba,predator,tank,,,,,,,,chara,,,,,,,,,,,dog,hop,,,
beetle,15,カブトムシ,beetle,,,,0,,chara,1404,,0,,,12,100,0,,,,,beetle,predator,,,,,,,,,chara,,,,,,,,,,,,,,,
cloud_electric,39,放電雲,electric cloud,,,,0,,chara,1518,,0,,,12,100,0,,,,,spirit,none,,,"1,70","bolt_Lightning/30,breathe_Lightning/30",Lightning,resLightning/20,,,chara,,,,,,,,,,,,,,,
deformed_eye,46,異形の目,deformed eyes,,,,0,,chara,1519,,0,,,12,100,0,,,,,eye,none,,,"2,40,0","SpSilence/70,ActGazeMutation/10",,,,,chara,,,,,,,,,,,,,,,
impure_eye,416,不浄なる瞳,impure eyes,,,,0,,chara,2602,,0,,,24,100,0,,,,,eye,none,,,"2,40,0","SpSilence/70,ActGazeMutation/30,ActGazeInsane/50,ActGazeMana/30",,,,,chara,,,,,,,,,,,,,,,
fairy,59,妖精,fairy,,,,0,,chara,1528,,0,,,12,100,0,,,,,fairy,none,,,"1,60","bolt_Mind/30,SpTeleportShort/20,ActStealMoney/20",,,,,chara,,,,,,,,,,,fairy,,,,
fairy_nanasu,481,ナナス,Nanasu,小さな冒険家,little adventurer,,0,,chara,2426,,0,,,8,0,4,Friend,,,Nanasu,fairy,thief,,,"1,60","SpCatsEye/100/pt,SpShutterHex,ActTouchSleep",Mind,,,,chara,,,,,,,f/132/40/3/friendly|ボク|キミ,,Explore,Cheer,,,,,
fairy_poina,482,ポイナ,Poina,毒の,venomous hand,,0,,chara,2427,,0,,,24,0,4,,,boxer,Poina,fairy,predator,,,"1,60","miasma_Poison,sword_Poison",Poison,"mod_flurry/30,mod_feint/40",,,chara,,,,,,,f/135/38/2/shy|私|お前,,Drug,Pet,,,,,
fairy_raina,483,ライナ,Raina,雷の,sky piercer,,0,,chara,2425,,0,,,19,0,4,,,,Raina,fairy,wizard,,,"3,50","bolt_Lightning,arrow_Lightning,miasma_Lightning",Lightning,,,,chara,,,,,,,f/140/42/3/rude|アタシ|オマエ,,Exercise,Romance,,,,,
tyche,504,ティケ,Tyche,気ままな傭兵,easygoing merc,,0,,chara,1429,,0,,,24,0,4,Friend,,,Tyche,juere,thief,,,"3,60",,,"mod_feint/36,SPD/30,featRapidArrow/1",,,chara,,,,,,,f/20/152/48/friendly,machine,TreasureHunt,Drink,,,,,
vishnu,505,VISHNU,VISHNU,VTX-09,VTX-09,,0,,chara,1428,,0,,,28,0,4,Friend,,humanSpeak,Vishnu,machine,warrior,tank,,"1,60","StTaunt,ActRush",,"life/40,mod_splash/45,featMiscreation/3",,,chara,,,,,,,m/92/188/317/polite,earth,TreasureHunt,Antique,,,,,
ghost,70,亡霊,ghost,,,,0,,chara,1504,,0,,,8,100,0,,,,,ghost,none,,,"1,80","ActFear/300,ActWeaken/60",Nether,,,,chara,,,,,,,,,,,,,,,
nymph,374,ニンフ,nymph,,,,0,,chara,2415,,0,,,13,100,0,,,,,succubus,none,,,"1,80","ActTouchSleep,ActNTR/200,bolt_Cold/50",Mind,,,,chara,,,,,,,,,,,,,,,
undine,486,ウンディーネ,undine,,,,0,,chara,2830,,0,,,32,100,0,,Water,,,mermaid,bard,,,"3,50","ActTouchSleep,SongSleep",,resNerve/20,,,chara,,,,,,,,,,,,,,,
hound,92,#eleハウンド,#ele hound,,,,0,,chara,1503,,100,,,12,300,0,,,,,hound,predator,,,"2,70",breathe_/50,"Fire,Cold,Lightning,Darkness,Nether,Sound,Chaos",,,,chara,,,,,,,,,,,,,,,
lizardman,111,リザードマン,lizardman,,,,0,,chara,1414,,0,,,12,150,0,,,,,lizardman,warrior,,,,,,,,,chara,,,,,,,,,,,,,,,
lizardman_boxer,499,リザードマンの拳闘士,lizardman boxer,,,,0,,chara,1406,,0,,,15,100,0,,,boxer,,lizardman,predator,,,,,,mod_flurry/40,,,chara,,,,,,,,,,,,,,,
wisp,201,ウィル・オ・ウィスプ,will o'wisp,,,,0,,chara,1713,,0,,,12,100,0,Neutral,,,,wisp,none,,,"2,50",breathe_Ether/50,,,,,chara,,livestock,,,wisp,,,,,,,,,,
bubble,22,バブル,bubble,,,,0,,chara,1400,,0,,,12,40,0,,,,,slime,none,,,,,,featSplit/1,,,chara,,,,,,,,,,,putty,hop,,,
bubble_blue,395,ブルーバブル,blue bubble,,,,0,,chara,2504,,0,,,32,40,0,,,,,slime,predator,,,,,Cold,featSplit/1,,,chara,,,,,,,,,,,putty,hop,,,
dog_mine,49,地雷犬,mine dog,,,,0,,chara,1417,,0,,,15,40,0,,Factory,,,machine,none,,,"4,50","Wait,SpGravity/80,ActDropMine/50",,,,,chara,,,,,,,,,,,dog,,,,
samurai_kamikaze,166,侍,samurai,,,,0,,chara,1527,,0,,,13,100,0,,,,,norland,warrior,,,,,,,,,chara,,,,,,,,,,,,,,,
mummy,140,マミー,mummy,,,,0,,chara,1424,,0,,,14,100,0,,,,,zombie,warrior,,,"1,80","ActFear/100,ActWeaken/60,SpBane/60",,,,,chara,,,,,,,,,,,,,,,
mummy_lesser,364,レッサーマミー,lesser mummy,,,,0,,chara,2405,,0,,,8,100,0,,,,,zombie,none,,,"1,80","ActFear/100,ActWeaken/60",,,,,chara,,,,,,,,,,,,,,,
mummy_greater,365,グレイターマミー,greater mummy,,,,0,,chara,2406,,0,,,25,100,0,,,,,zombie,warrior,,,"1,80","ActFear/100,ActWeaken/60,SpBane/60",,,,,chara,,,,,,,,,,,,,,,
renton,162,レントン,Renton,悩める見習い,suffering apprentice,,0,,chara,1905,,0,,,14,0,4,Friend,,party,,norland,wizard,,,,"bolt_Cold/50,arrow_Cold/50",,,,,chara,,resident,,readBook,,,m/8/121/24/friendly|俺|君,,Research,Read,,,,,
guild_thief,251,*r,*r,盗賊,thief,,0,,chara,"2006,2007",,0,,,14,100,0,Neutral,,neutral,,norland,thief,,,,ActStealMoney/40,,,,,chara,,resident,,,,,,,,,,,,,
senior_fox,281,*r,*r,長老,elder,,0,,chara,"1227,1228",,0,,,14,5,0,Friend,,neutral,Elder,mifu,predator,,,,,,,,,chara,,resident,,,,,,,,Rich,mayor,,,,
flower_girl,292,*r,*r,花売りの少女,flower girl,,0,,chara,2005,,0,,,28,100,0,Friend,,neutral,Citizen,roran,wizard,,,,SpMeteor/5,Holy,,,,chara,,resident,,,,,,,,,citizen,,,,
baptist_red,9,赤の洗礼者,red baptist,,,,0,,chara,1425,,0,,,14,100,0,,,,,ghost,wizard,,,"2,60","bolt_Fire/50,SpTeleportShort/15",,resFire/30,,,chara,,,,readBook,,,,,,,,,,,
baptist_blue,379,青の洗礼者,blue baptist,,,,0,,chara,1128,,0,,,19,100,0,,,,,ghost,wizard,,,"2,60","bolt_Cold/50,SpTeleportShort/15",,resCold/30,,,chara,,,,readBook,,,,,,,,,,,
ungaga,405,ウンガガ,Ungaga,ミノタウロスの王子,minotaur prince,,0,,chara_L,112,,0,,,31,5,3,,,,UniqueMonster,minotaur,warrior,,,"1,70",,,"mod_cleave/20,mod_frustration/100,critical/100,featBoost/1",,,chara,,,,,,,m,,,,,,,,
ungaga_pap,419,ウンゴゴ,Ungogo,ミノタウロスの大王,minotaur king,,0,,chara_LW,201,,0,,,32,0,4,,,boss,UniqueMonster,minotaur,warrior,,,"1,70",ActBurnMana,,"mod_cleave/42,critical/100,featSevenSense/1,featLibra/1",,,chara,,,,,,,m,,,,,,,,
minotaur,137,ミノタウロス,minotaur,,,,0,,chara_L,113,,0,,,18,50,0,,,,,minotaur,warrior,,,"1,70",,,,,,chara,,,,,,,,,,,,,,,
minotaur_mage,399,ミノタウロスの術士,minotaur mage,,,,0,,chara_L,114,,0,,,22,50,0,,,,,minotaur,priest,wizard,,"1,70","bolt_Fire/70,bolt_Cold/70,arrow_Nether/50,SpWeakness/70",,,,,chara,,,,,,,,,,,,,,,
minotaur_boxer,400,ミノタウロスの拳闘士,minotaur boxer,,,,0,,chara_L,115,,0,,,23,50,0,,,boxer,,minotaur,predator,,,"1,70",,,mod_flurry/40,,,chara,,,,,,,,,,,,,,,
minotaur_fighter,401,ミノタウロスの戦士,minotaur warrior,,,,0,,chara_L,13,,0,,,25,50,0,,,,,minotaur,warrior,,,"1,70",ActRush,,mod_cleave/20,,,chara,,,,,,,,,,,,,,,
minotaur_cook,513,バンビィ,Bambi,カレー処《竜と香辛料》の亭主,Lord of Curry House 《Dragons & Spices》,,0,,chara_L,116,,0,,,42,0,4,Friend,,,Bambi,minotaur,swordsage,,,"1,70",,,"mod_cleave/84,mod_flurry/40,mod_frustration/96",,,chara,,,,,,,m/41/321/252/polite|私|お客さん,,,,,,,,
felmera,262,フェルメラ,Felmera,天才画家,master painter,,0,,chara,1731,,0,,,24,0,4,Friend,,party,Felmera,norland,pianist,,,,"SpInvisibility,SpSummonMonster",,,,,chara,,,,,,,m/42/172/55/polite|私|貴方,,Paint,Paint,,,,,
bombrock,21,爆弾岩,bomb rock,,,,0,,chara,1526,,0,,,14,100,0,,,suicide,,rock,predator,,stand,"2,10,0","ActSuicide,SpTeleportShort/5",,,,,chara,,,,,,,,,,,,hop,,,
putty_metal,283,メタルプチ,metal putit,,,,0,,chara,2505,,0,,,15,8,0,,,,,metal,tourist,,,"1,100","Wait,hand_Magic/35,ActEscape/10",,,,"plat/1000,mercury/1000",chara,,,putty,,,,,,,,putty,hop,,,
revlus,232,レヴラス,Revlus,優等生の,honor apprentice,,0,,chara,1904,,0,,,15,0,4,Friend,,party,,norland,wizard,,,,"bolt_Nerve/50,arrow_Nerve/50",,,,,chara,,resident,,,,,m/7/130/32/polite|ボク|キミ,,Research,Write,,,,,
fanatic,60,狂信者,fanatic,,,,0,,chara,"1106,1107",,0,,,15,100,0,Neutral,,neutral,Follower,norland,warrior,paladin,,"1,100",,,,,,chara,,,,,,,,,,,fanatic,,,,
mandrake,119,マンドレイク,mandrake,,,,0,,chara,1716,,0,,,15,100,0,,Forest,,,mandrake,none,,stand,"3,15,0",ActScream/10,,,,,chara,,livestock,,,,,,,,,,hop,,,
sister_undead,264,不死の妹,undead younger sister,,,,0,,chara,"2010,2010,2011,2012,2013,2014",,0,,,15,100,0,Neutral,,neutral,,zombie,predator,,,,,,featRoran/1,,,chara,,resident,,,,,,,,,sister,,,,
ancient_coffin,4,古代の棺,ancient coffin,,,,0,,chara,1529,,0,,,15,100,0,,,,,zombie,none,,,"1,80","miasma_Darkness/50,ActCurse/20,SpWeakness/30",,,,,chara,,,,,,,,,,,,,,,
centipede,31,ムカデ,centipede,,,,0,,chara,1411,,0,,,15,100,0,,,,,centipede,none,,,,,,,,,chara,,,,,,,,,,,,,,,
strangeScientist,186,謎の科学者,Strange Scientist,,,,0,,chara,929,,0,,,15,0,4,Friend,,,,roran,gunner,,,,,,,,,chara,,,,,,,,,Research,,,,,,
mapMerchant,121,スラン,Slan,パルミアの影,shadow of Palmia,,0,,chara,1724,,0,,,16,0,4,Friend,,party,MerchantMap,norland,thief,,,,,,,,,chara,,,,,,,m/19/176/58/friendly|私|君,,,TreasureHunt,,,,,
harpy,87,ハーピー,harpy,,,,0,,chara,1303,,0,,,16,100,0,,Forest,,,harpy,none,,,"1,100",,,,,,chara,,,,,,,,,,,,,,,
mech_golem,124,ゴーレム,golem,,,,0,,chara_L,3,,0,,,16,50,0,,Factory,,,machine,gunner,archer,,,,,,,,chara,,,,,,,,,,,,,,,
mech_golem_a,510,ヒッグス,Higgs,魔甲兵,Magitek Trooper,,0,,chara_L,3,,0,,,10,0,4,,,,,machine,gunner,archer,,,,,,,,chara,,,,,,,,,,,,,,,
mech_golem_b,511,ウィッジ,Widge,魔甲兵,Magitek Trooper,,0,,chara_L,3,,0,,,10,0,4,,,,,machine,gunner,archer,,,,,,,,chara,,,,,,,,,,,,,,,
golem_wood,360,ウッドゴーレム,wood golem,,,,0,,chara_L,100,,0,,pine,14,35,0,,,,,golem,none,,,,,,EDR/20,,,chara,,,,,,,,,,,,,,,
golem_stone,361,ストーンゴーレム,stone golem,,,,0,,chara_L,101,,0,,granite,22,35,0,,,,,golem,predator,,,,,,EDR/40,,,chara,,,,,,,,,,,,,,,
golem_steel,362,スティールゴーレム,steel golem,,,,0,,chara_L,102,,0,,steel,35,35,0,,,,,golem,predator,,,,,,EDR/60,,,chara,,,,,,,,,,,,,,,
golem_gold,363,ゴールドゴーレム,gold golem,,,,0,,chara_L,103,,0,,gold,42,15,0,,,,,golem,predator,,,,,,EDR/80,,,chara,,,,,,,,,,,,,,,
golem_fish,471,岩石魚,rock fish,,,,0,,chara,2729,,0,,,32,100,0,,Water,water,,golem,predator,,root,"3,0,0",ActRush/10,,"PDR/50,mod_splash/50,mod_frustration/100,mod_feint/30",,,chara,,,,,,,,,,,,,,,
jonan,242,ジョナン,Jonan,ミシリア公,duke of Mysilia,,0,,chara,1720,,0,,,16,0,4,Friend,,,UniqueChara,norland,bard,,,,,,,,,chara,,,,,,,m/74/179/54/friendly|私|君,,,Rich,jonan,,,,
follower,265,信者,follower,,,,0,,chara,"1125,1126",,0,,,18,100,0,Friend,,neutral,Follower,norland,wizard,,,,,,,,,chara,,,,,,,,,,,fanatic,,,,
billy,284,ビリー,Billy,,,,0,,chara,1704,,0,,,18,0,4,Neutral,,neutral,,dog,wizard,,,"1,80",arrow_Ether/20,Ether/10,"etherArmor/1,featSpike/1",,,chara,,,,,,,,,,,dog,hop,,,
xabi,204,ジャビ,Xabi,パルミア王子,prince of Palmia,,0,,chara,1800,,0,,,18,0,4,Friend,,party,UniqueChara,norland,warrior,,,,,,,,,chara,,,,,,,m/30/168/63/friendly|私|君,,,Rich,xabi,,,,
mech_infantry,125,機械兵,machine infantry,,,,0,,chara,1012,,0,,,18,100,0,,Factory,,,yerles,gunner,archer,,,,,,,,chara,,,,,,,,,,,,,,,
snail_torturer,324,*r,*r,かたつむり拷問官,snail torturer,,0,,chara,"2024,2024,2025,2025",,0,,,28,100,0,Friend,,neutral,,yerles,gunner,,,,"ActInsult/50,ActThrowPotion/25,ActEntangle,ActDraw",,,,,chara,,,,torture_snail,,,f,,,,snail_torturer,,,,
shipmaster,228,*r,*r,船長,captain,,0,,chara,1827,1927,0,,,18,100,0,Friend,,neutral,Citizen,norland,predator,,,,,,,,,chara,,resident,,,,,,,,TreasureHunt,,,,,
hedgehog,89,ハリねずみ,hedgehog,,,,0,,chara,1609,,0,,,11,80,0,,,,,crab,none,,,,,,featSpike/1,,,chara,,livestock,,,,,,,,,,hop,,,
hedgehog_ether,368,輝くハリねずみ,shining hedgehog,,,,0,,chara,2409,,0,,,20,60,0,,,,,crab,predator,,,,,,featSpike/1,,,chara,,livestock,,,,,,,,,,hop,,,
alien,2,エイリアン,alien,,,,0,,chara,1511,,0,,,18,100,0,,,,,dinosaur,predator,,,,,,,,,chara,,,,,,,,,,,,,,,
cupid,44,恋のキューピッド,cupid of love,,,,0,,chara,1509,,0,,,18,100,0,,,,,cupid,archer,,,"2,50",ActGazeDim/20,,,,,chara,,,,,,,,,,,,,,,
gun_self,83,自走砲,self propelled gun,,,,0,,chara,1524,,0,,,18,100,0,,Factory,,,machine,gunner,,,"2,50",,,,,,chara,,,,,,,,,,,,,,,
lion,109,ライオン,lion,,,,0,,chara,"1324,1325",,0,,,18,100,0,,,,,cat,none,,,,,,,,,chara,,livestock,,,,,,,,,,hop,,,
cat_sabre,479,サーベルタイガー,saber tooth tiger,,,,0,,chara,1208,,0,,,28,100,0,,,,,cat,predator,,,"1,80",,,,,,chara,,livestock,,,,,,,,,cat,hop,,,
pawn,147,＜ポーン＞,<Pawn>,,,,0,,chara,1600,,0,,,15,20,0,,,"pawn,shield",,piece,warrior,tank,,"1,100",StTaunt,,,,,chara,,,,,,,,,,,,,,,
silverwolf,175,銀狼,silver wolf,,,,0,,chara,1607,,0,,,18,100,0,Neutral,,,,wolf,none,,,,,,,,,chara,,livestock,,,,,,,,,,hop,,,
fiama,63,フィアマ,Fiama,ミシリアの影,shadow of Mysilia,,0,,chara,1726,831,0,,,18,0,4,Friend,,,Fiama,norland,thief,,,,,,,,,chara,,,,,,,f/24/162/48/friendly|私|あなた,,Assassination,,fiama,,,,
larnneire,507,ラーネイレ,Larnneire,風を聴く者,listener of wind,,0,,chara,2912,,0,,,19,0,4,Friend,,,UniqueChara,elea,warmage,,,,"arrow_Magic/50,SpSilence,SpHealHeavy",,"featHealer/1,featFate/1",,,chara,,,,,,,f/22/163/44/friendly|私|あなた,,,"Handcraft,Nurse",,,,,
erishe,526,エリシェ,erishe,エレアの少女,Elean little girl,,0,,chara,2913,,0,,,4,0,4,Friend,,,UniqueCharaNoJoin,elea,tourist,,,,,,featGeneSlot/3,,,chara,,,,,,,f/18/149/40/polite|私|あなた,,,Nurse,,,,,
lomias,508,ロミアス,Lomias,異形の森の使者,messenger from Vindale,,0,,chara,2911,,0,,,19,0,4,Friend,,,UniqueChara,elea,archer,,,,"SpSpeedDown,SpWeakness/100/pt",,featRapidArrow/2,,,chara,,,,,,,m/24/179/62/friendly|私|君,,,Fish,,,,,
mamani,553,マニ,Mani,機械の,God of Machine,,0,,chara,3111,,0,,,32,0,4,Friend,,,UniqueCharaNoJoin,yerles,gunner,,,,SpSummonMachine,,,,,chara,,,,,,,m/23/183/61/rude|私|お前,eyth,Research,Antique,,,,,
namamani,530,マニ,Mani,鋼の,machinist,,0,,chara,3011,,0,,,32,0,4,Friend,,,UniqueCharaNoJoin,yerles,gunner,,,,SpSummonMachine,,,,,chara,,,,,,,m/23/183/61/rude|私|お前,eyth,Research,Antique,,,,,
namamani2,531,マニ,Mani,記憶を失った,memoryless,,0,,chara,2125,827,0,,,15,0,4,Friend,,,UniqueCharaNoJoin,yerles,tourist,,,,SpSummonMachine,,,,,chara,,,,,,,m/99999/183/61/rude|私|お前,eyth,Lumberjack,Game,,,,,
keeper_garden,527,庭の主,Keeper of the Garden,,,,0,,chara,3013,,0,,,9999,0,4,Friend,,boss,KeeperOfGarden,god,tourist,,root,"1,0,0","ActCatHuffing,SpGravity/100/pt,SpVanishHex,SpShutterHex,SpSpeedDown/100/pt,SpBane/100/pt,ActKizuamiTrick,SpSummonDragon",,"featMetal/900,featLoyal/1,featBloodBond/2,featGoddess/1",,,chara,,,,,,,f/99999/225/754/VIP|わっち|ぬし,luck,Diary,Sleep,,,,,
crab_shiba,285,柴蟹,shiba crab,,,,0,,chara,1917,,0,,,18,50,0,,,,,shiba,none,,,,"Wait,ActCrabBreathe/50","Fire,Lightning,Cold,Chaos",,,,chara,,livestock,,,,,,,,,,,,,
melilith,258,メリリス,Melilith,呪われた少女,Cursed Girl,,0,,chara,2004,,0,,,18,0,4,Friend,,,UniqueChara,eulderna,wizard,,,"3,60","miasma_Darkness/50,arrow_Nether/50,SpSummonUndeadSister/50,SpRevive",,,,,chara,,,,"readBook,buffMage",,,f/532/138/36/friendly|私|あなた,,,,melilith,,,,
rook,165,＜ルーク＞,<Rook>,,,,0,,chara,1601,,0,,,18,20,0,,,pawn,,piece,predator,,stand,"1,0,0",ActRush,,,,,chara,,,,,,,,,,,,,,,
merchant_book,221,*r,*r,本屋の店主,book shopkeeper,,0,,chara,"900,901",,0,,,18,100,0,Friend,,neutral,MerchantBook,norland,predator,,,,,,,,,chara,,resident,,readBook,,,,,Read,,merchant,,,,
missionary_dark,139,闇の宣教師,missionary of darkness,,,,0,,chara,1013,,0,,,19,100,0,,,,,eulderna,predator,,,"1,80","hand_Mind/100,ActWeaken/40,SpRevive",,,,,chara,,,,readBook,,,,,,,fanatic,,,,
merchant_junk,219,*r,*r,ジャンク屋の店主,junk shopkeeper,,0,,chara,1028,,0,,,19,100,0,Friend,,neutral,MerchantJunk,norland,predator,,,,,,,,,chara,,resident,,,,,,,,,merchant,,,,
merchant_souvenir,222,*r,*r,お土産屋の店主,souvenir shopkeeper,,0,,chara,"900,901",,0,,,19,100,0,Friend,,neutral,MerchantSouvenir,norland,predator,,,,,,,,,chara,,resident,,,,,,,,,merchant,,,,
mass_monster,122,塊の怪物,mass monster,,,,0,,chara,1523,,0,,,20,40,0,,,,,drake,none,,stand,"1,20",ActWeaken/30,,featSplit/1,,,chara,,,,,,,,,,,,,,,
merc_archer,128,傭兵射手,mercenary archer,,,,0,,chara,1211,,0,,,20,100,0,,,,,norland,archer,,,"2,20",,,,,,chara,,resident,,,,,,,Hunt,,merc,,,,
merc_mage,129,傭兵魔術師,mercenary mage,,,,0,,chara,1210,,0,,,20,100,0,,,,,norland,wizard,,,"2,50","hand_Cold/80,arrow_Lightning/40,arrow_Nether/40",,,,,chara,,resident,,readBook,,,,,Research,,merc,,,,
merc_warrior,130,傭兵戦士,mercenary warrior,,,,0,,chara,1209,,0,,,20,100,0,,,shield,,norland,warrior,tank,,"1,80",StTaunt,,,,,chara,,resident,,,,,,,Lumberjack,,merc,,,,
zealot_fire,209,炎の信仰者,zealot of fire,,,,0,,chara,1514,,0,,,20,100,0,,,,,goblin,warmage,,,"1,85","SpSummonFire/50,SpWeakResEle/50,SpHealLight",,"resFire/20,featMassSummoner/1",,,chara,,,,,,,,,,,,,,,
denek,47,デネク,Denek,,,,0,,chara,1807,,0,,,20,0,4,Friend,,,UniqueChara,norland,bard,,,,,,,,,chara,,,,,,,m/21/176/68/polite|私|君,,,,,,,,
ephrond,56,エフロンド,Efrond,ミシリアの公子,prince of Mysilia,,0,,chara,1727,,0,,,20,0,4,Friend,,party,UniqueChara,norland,gunner,,,,"ActInsult,ActGazeInsane,ActGazeDim",,,,,chara,,,,,,,m/32/182/59/rude|私|お前,,,,,,,,
bishop,18,＜ビショップ＞,<Bishop>,,,,0,,chara,1602,,0,,,20,20,0,,,pawn,,piece,wizard,,,"2,40","arrow_Magic/70,SpTeleportShort/15,SpSpeedDown/30",,,,,chara,,,,,,,,,,,,,,,
shade,170,シェイド,shade,,,,0,,chara,1409,,0,,,20,100,0,,,,,ghost,none,,,"1,100","ActFear/50,ActWeaken/50",Nether/100,,,,chara,,,,,,,,,,,,,,,
ashland,6,エイシュランド,Ashland,ミシリアの影,shadow of Mysilia,,0,,chara,1725,830,0,,,20,0,4,Friend,,,Ashland,norland,thief,,,,,,,,,chara,,,,,,,m/34/181/63/friendly|私|君,,Assassination,,ashland,,,,
scholar,167,*r,*r,学者,scholar,,0,,chara,806,,0,,,20,100,0,Friend,,neutral,MerchantPlan,norland,wizard,,,,,,,,,chara,,resident,,readBook,,,,,Research,,scholar,,,,
knight,103,＜ナイト＞,<Knight>,,,,0,,chara,1603,,0,,,20,20,0,,,"pawn,shield",,piece,inquisitor,,,"2,30","SpHolyVeil/100/pt,SpHolyShield/100/pt,SpBane",,,,,chara,,,,,,,,,,,,,,,
merchant_furniture,133,*r,*r,家具屋の店主,furniture shopkeeper,,0,,chara,"900,901",,0,,,20,100,0,Friend,,neutral,MerchantFurniture,norland,predator,,,,,,,,,chara,,resident,,,,,,,,,merchant,,,,
lowell,244,ロウェル,Lowell,孤児院の院長,chief of orphanage,,0,,chara,2002,,0,,,21,0,4,Friend,,party,UniqueChara,norland,bard,,,,,,,,,chara,,,,readBook,,,m/54/163/58/friendly|私|キミ,,,,lowell,,,,
caravan_master,25,*r,*r,キャラバンの隊長,caravan master,,0,,chara,1022,,0,,,21,100,0,Neutral,,neutral,,norland,warrior,,,,,,,,,chara,,resident,,,,,,,Explore,,,,,,
informer,96,*r,*r,情報屋,informer,,0,,chara,"904,905",,0,,,21,100,0,Friend,,neutral,Informer,norland,thief,,,,,,,,,chara,,resident,,banker,,,,,,,informer,,,,
stalker,184,闇子,stalker,,,,0,,chara,1520,,0,,,21,100,0,,,,,stalker,predator,,,"2,50",,,vopal/20,,,chara,,,,,,,,,,,,,,,
stalker_shadow,380,闇の老師,shadow stalker,,,,0,,chara,2500,,0,,,39,100,0,,,,,stalker,predator,,,"2,75",,,vopal/75,,,chara,,,,,,,,,,,,,,,
girl_blue,294,アオイ,Aoi,何でも屋の店主,general shopkeeper,,0,,chara,807,,0,,,21,0,0,Friend,,neutral,MerchantGeneral,roran,gunner,,,,,,,,,chara,,resident,,,,,f,,,,merchant,,,,
rodwyn,304,ロドウィン,Rodwyn,魔女,witch,,0,,chara,2109,,0,,,21,0,0,Friend,,neutral,MerchantBread,roran,witch,,,,"arrow_Magic,ActThrowPotion/40,bolt_Magic",,,,,chara,,resident,,baker,,,f,,Cook,,merchant,,,,
seeker,305,探求者,Seeker,,,,0,,chara,2110,,0,,,45,0,4,Friend,,neutral,Seeker,elea,warmage,,,"2,50","hand_Cold/80,sword_Lightning,arrow_Lightning/40,arrow_Nether/40",,,,,chara,,resident,,readBook,,,m/240/180/70/friendly|私|君,wind,,,seeker,,,,
strange_girl,320,謎の幼女,strange little girl,,,,0,,chara,2210,,0,,,6,0,4,Friend,,,StrangeGirl,norland,tourist,,,,,,,,,chara,,resident,,,,,f/7/129/27/friendly|わたし|あなた,,,,strange_girl,,,,
big_sister,306,ビッグシスター,big sister,,,,0,,chara,2111,,0,,,95,0,4,Friend,,party,BigSister,mutant,warmage,,,"1,50","arrow_Nerve/50,miasma_Nerve/50,ActRush,ActGazeDim/20",,"featLoyal/1,eyeofmind/78,evasionPlus/85,twowield/92,featAdam/20",,,chara,,resident,,,,,f/18/154/42/friendly|私|天使,wind,,,big_sister,,,,
big_sister_alt,352,ビッグシスター,big sister,,,,0,,chara,2211,,0,,,95,0,3,Neutral,,party,UniqueMonster,roran,warmage,,,"1,50","bolt_Nerve/50,ActRush,ActGazeDim/20,sword_Lightning",,"featLoyal/1,eyeofmind/78,evasionPlus/85,twowield/92,featAdam/20",,,chara,,resident,,,,,f/18/154/42/friendly|私|天使,wind,,,,,,,
big_daddy,319,ビッグダディ,Big Daddy,,,,0,,chara_L,11,,0,,,20,0,4,Neutral,,,BigDaddy,machinegod,gunner,,,"2,25","ActRush/50,breathe_Fire/20",,featElderCrab/1,,,chara,,,,,,,,,,,big_daddy,,,,
kingcrab,278,#ele4古代ガニ,#ele2 ancient crab,,,,0,,chara,1618,,100,,,21,50,0,,,,,eldercrab,none,,,,"Wait,ActCrabBreathe/50","Fire,Lightning,Cold,Chaos",,,,chara,,livestock,,,,,,,,,,,,,
mantis_shrimp,455,古代シャコ,ancient mantis shrimp,,,,0,,chara,2725,,0,,,40,50,0,,,,,eldercrab,predator,,,,,,"counter/8,parry/45,featNeckHunter/5",,,chara,,livestock,,,,,,,,,,,,,
mantis_killer,492,キラーマンティス,killer mantis,,,,0,,chara,2925,,0,,,44,50,0,,,,,eldercrab,predator,,,,,,"mod_cleave/40,vopal/40,featNeckHunter/2",,,chara,,livestock,,,,,,,,,,,,,
army_palmia,5,*r,*r,パルミア特殊部隊,palmian special force,,0,,chara,"912,913",,0,,,21,100,0,Friend,,neutral,Guard,norland,gunner,archer,,,,,,,,chara,,resident,,,,,,,,,,,,,
merchant_fruit,215,*r,*r,果物屋の店主,fruit shopkeeper,,0,,chara,1026,,0,,,21,100,0,Friend,,neutral,MerchantFruit,norland,predator,,,,,,,,,chara,,resident,,cook,,,,,Cook,,merchant,,,,
merchant_fish,218,*r,*r,魚屋の店主,fishmonger,,0,,chara,1025,,0,,,21,100,0,Friend,,neutral,MerchantFish,norland,predator,,,,,,,,,chara,,resident,,fisher,,,,,Cook,,merchant_fish,,,,
zane,208,ゼイン,Zane,パルミア国王,king of Palmia,,0,,chara,1802,,0,,,22,0,4,Friend,,,UniqueChara,norland,warrior,,,,"sword_Darkness,ActCatHuffing",,,,,chara,,,,,,,m/56/180/70/polite|私|君,,,Rich,zane,,,,
casino_clerk,323,*r,*r,カジノの受付嬢,casino clerk,,0,,chara,1911,,0,,,22,0,4,Friend,,,Clerk_Casino,norland,predator,,,,"ActInsult,SpInvisibility,SpGravity,SpTeleport",,,,,chara,,,,"readBook,buffMage",,,f,,,,,,,,
guild_clerk_mage,240,*r,*r,魔術師ギルドの受付嬢,Mages guild clerk,,0,,chara,1913,,0,,,22,0,4,Friend,,,Clerk_Mage,norland,predator,,,,"ActInsult,SpInvisibility,SpGravity,SpTeleport",,,,,chara,,,,"readBook,buffMage",,,f,,,,,,,,
citizen_casino,291,*r,*r,バニー,bunny,,0,,chara,"2104,2105,2106,2107",,0,,,22,100,0,Friend,,neutral,Citizen,yerles,gunner,,,,,,,,,chara,,resident,,,,,,,,,bunny,,,,
healer,88,*r,*r,癒し手,healer,,0,,chara,"926,927",,0,,,22,100,0,Friend,,neutral,Healer,norland,priest,,,,"SpHealHeavy/60,SpHolyVeil/60/pt",,,,,chara,,resident,,buffHealer,,,,,Nurse,,healer,,,,
asura,7,阿修羅,asura,,,,0,,chara_L,14,,0,,,22,100,0,,,,,asura,warrior,,,,,,,,,chara,,,,,,,,,,,,,,,
mitra,430,ミトラ,mitra,,,,0,,chara_L,19,,0,,,32,100,0,,,,,asura,warrior,,,,,,,,,chara,,,,,,,,,,,,,,,
varuna,431,ヴァルナ,varuna,,,,0,,chara_L,119,,0,,,45,100,0,,,,,asura,warrior,,,,ActSwarm/50,,,,,chara,,,,,,,,,,,,,,,
carbuncle,26,カーバンクル,carbuncle,,,,0,,chara,1521,,0,,,22,100,0,,,pt,,cat,wizard,summoner,,,"SpHolyVeil/100/pt,SpHealLight/60,SpRevive",,featHealer/1,,,chara,,,,,,,,,,,,,,,
ironmaiden,97,鉄の処女,iron maiden,,,,0,,chara,1421,,0,,,22,100,0,,,,,machine,none,,,,,Cut,featSpike/1,,,chara,,,,,,,,,,,,,,,
king,102,＜キング＞,<King>,,,,0,,chara,1605,,0,,,22,15,0,,,,,piece,warrior,summoner,,"3,60",SpSummonPawn/40,,"featSummoner/5,featMassSummoner/2",,,chara,,,,,,,,,,,,,,,
living_armor,390,リビングアーマー,living armor,,,,0,,chara,1507,,0,,,12,100,0,,,shield,,armor,tourist,,,,,,,,,chara,,,,,,,,,,,,,,,
mass_steel,123,鉄塊,steel mass,,,,0,,chara,2501,,0,,,26,100,0,,,,,armor,warrior,,,,,,,,,chara,,,,,,,,,,,,,,,
armor_death,411,デスアーマー,death armor,,,,0,,chara,2601,,0,,,45,100,0,,,,,armor,executioner,,,,arrow_Nether,,"mod_feint/30,mod_cleave/30",,,chara,,,,,,,,,,,,,,,
armor_gold,412,ゴールデンアーマー,golden armor,,,,0,,chara,2600,,0,,,35,100,0,,,,,armor,warrior,tank,,,StTaunt,,mod_feint/30,,,chara,,,,,,,,,,,,,,,
nun_mother,211,マザー,mother,,,,0,,chara,1811,,0,,,22,100,0,Friend,,neutral,Citizen,succubus,predator,,,,"SpTeleportShort/50,ActEntangle,ActHeadpat",,,,,chara,,resident,,,,,,,Feel,,nun,,,,
caldorn,249,カルドーン,Caldorn,ミシリア大将,Mysilian General,,0,,chara,2003,,0,,,22,0,4,Friend,,party,UniqueChara,norland,warrior,,,,,,,,,chara,,,,,,,m/65/186/80/rude|わし|お主,,,,caldorn,,,,
merchant_bread,132,*r,*r,パン屋の店主,baker,,0,,chara,"922,923",,0,,,22,100,0,Friend,,neutral,MerchantBread,norland,predator,,,,,,,,,chara,,resident,,baker,,,,,Cook,,merchant,,,,
merchant,131,*r,*r,道具屋の店主,goods shopkeeper,,0,,chara,"900,901",,0,,,22,100,0,Friend,,neutral,Merchant,norland,predator,,,,,,,,,chara,,resident,,,,,,,,,merchant,,,,
guild_clerk_merchant,271,*r,*r,商人ギルドの受付嬢,Merchants guild clerk,,0,,chara,1914,,0,,,23,0,4,Friend,,,Clerk_Merchant,norland,predator,,,,"ActInsult,SpInvisibility,SpGravity,SpTeleport",,,,,chara,,,,readBook,,,f,,,,,,,,
guild_clerk_fighter,241,*r,*r,戦士ギルドの受付嬢,Fighters guild clerk,,0,,chara,1912,,0,,,24,0,4,Friend,,,Clerk_Fighter,norland,predator,,,,"ActInsult,SpInvisibility,SpGravity,SpTeleport",,,,,chara,,,,readBook,,,f,,,,,,,,
bear_brown,382,ブラウンベア,brown bear,,,,0,,chara,2308,,0,,,12,100,0,,,,,bear,none,,,,,,,,,chara,,livestock,,,,,,,,,,,,,
grizzlyBear,78,グリズリー,grizzly bear,,,,0,,chara,"2208,2209",,0,,,20,100,0,,,,,bear,predator,,,,,,,,,chara,,livestock,,,,,,,,,,,,,
ent_fire,413,火炎樹,fire ent,,,,0,,chara_L,23,,0,,,20,100,0,,,,,ent,predator,,,,,Fire/100,mod_splash/50,,,chara,,livestock,,,,,,,,,,,,,
ent_cold,414,氷結樹,ice ent,,,,0,,chara_L,24,,0,,,20,100,0,,,,,ent,predator,,,,,Cold/100,mod_splash/50,,,chara,,livestock,,,,,,,,,,,,,
pumpkin,155,パンプキン,pumpkin,,,,0,,chara,1304,,0,,,10,100,0,,,,,mandrake,none,,stand,"2,50",ActThrowPotion/40,,invisibility/1,,,chara,,,,,,,,,,,,hop,,,
centipede_fire,32,火炎ムカデ,fire centipede,,,,0,,chara,1516,,0,,,18,100,0,,,,,centipede,none,,,,,Fire/50,resFire/20,,,chara,,,,,,,,,,,,,,,
troll,194,トロール,troll,,,,0,,chara_L,6,,0,,,24,100,0,,,,,troll,none,,,,,,,,,chara,,,,,,,,,,,,,,,
dog_shiva,286,シヴァ,shiva,,,,0,,chara,1916,,0,,,24,100,0,,,snow,,shiba,predator,,,,,,,,tail_shiva/20,chara,,livestock,,,,,,,,,dog,,,,
queen,159,＜クイーン＞,<Queen>,,,,0,,chara,1604,,0,,,24,15,0,,,,,piece,warmage,summoner,,"1,80","arrow_Magic/50,arrow_Nether/50,SpTeleport/20,SpSummonPawn/30",,,,,chara,,,,,,,,,,,,,,,
messenger_death,551,死神の使い,messenger of death,,,,0,,chara,3122,,0,,,34,100,0,,,,,lich,warrior,,,"1,60","ActDeathSentense/60,bolt_Cold/20,SpTeleportShort/30",,"mod_cleave/45,featNeckHunter/2",,,chara,,,,,,,,,,,,,,,
reaper,552,リーパー,reaper,,,,0,,chara,3122,,0,,,38,0,3,,,,UniqueMonster,lich,executioner,,,"1,60","ActDeathSentense/100/pt,bolt_Cold/20,SpTeleportShort/30",,"mod_cleave/666,featNeckHunter/5",,,chara,,,,,,,,,,,,,,,
lich,108,リッチ,lich,,,,0,,chara,1502,,0,,,24,100,0,,,,,lich,wizard,,,"1,60","miasma_Cold/50,arrow_Magic/50,bolt_Cold/50,bolt_Darkness/50,SpTeleportShort/50",,,,,chara,,,,,,,,,,,,,,,
lich_master,545,マスターリッチ,master lich,,,,0,,chara,3120,,0,,,39,100,0,,,,,lich,wizard,,,"1,60","miasma_Nether/50,arrow_Magic/50,bolt_Cold/50,bolt_Darkness/50,SpTeleportShort/50,SpSummonUndead/50",,,,,chara,,,,,,,,,,,,,,,
lich_demi,546,デミリッチ,demi lich,,,,0,,chara,3121,,0,,,52,100,0,,,,,lich,wizard,,,"1,60","miasma_Nether/50,arrow_Magic/50,ball_Chaos/30,ball_Nether/40,SpTeleportShort/30,SpTeleport/30,SpSummonMonster/50",,"featElder/1,featGeneSlot/-1",,,chara,,,,,,,,,,,,,,,
vampire,532,吸血鬼,"vampire ",,,,0,,chara,"100,101",,0,,,38,100,0,,,,,vampire,predator,,,"2,60","hand_Nether/50,bolt_Cold/25,ActBloodsuck/20,SpSummonUndead/10",,,,,chara,,,,,,,,,,,,,,,
merchant_plat,345,*r,*r,プラチナ商人,platinum merchant,,0,,chara,2311,,0,,,25,0,0,Friend,,neutral,MerchantPlat,norland,predator,,,,,,,,,chara,,resident,,,,,,,,,merchant,,,,
merchant_eco,333,*r,*r,エコポ商人,ecopo merchant,,0,,chara,2310,,0,,,25,5,0,Friend,,neutral,MerchantEcopo,norland,predator,,,,,,,,,chara,,resident,,,,,,,,,merchant,,,,
merchant_mifu,279,*r,*r,商人,merchant,,0,,chara,1224,,0,,,25,5,0,Friend,,neutral,MerchantGeneralExotic,mifu,predator,,,,,,,,,chara,,resident,,,,,,,,,merchant,,,,
merchant_nefu,280,*r,*r,商人,merchant,,0,,chara,1226,,0,,,25,5,0,Friend,,neutral,MerchantGeneralExotic,nefu,predator,,,,,,,,,chara,,resident,,,,,,,,,merchant,,,,
merchant_general,224,*r,*r,何でも屋の店主,general shopkeeper,,0,,chara,"900,901",,0,,,25,100,0,Friend,,neutral,MerchantGeneral,norland,predator,,,,,,,,,chara,,resident,,,,,,,,,merchant,,,,
merchant_dye,296,*r,*r,染織屋,dyer,,0,,chara,1026,,0,,,25,100,0,Friend,,neutral,MerchantDye,norland,predator,,,,,,,,,chara,,resident,,,,,,,,,merchant,,,,
merchant_festival,266,*r,*r,祭りの屋台の店主,festival merchant,,0,,chara,"900,901",,0,,,25,0,0,Friend,,neutral,MerchantFestival,norland,predator,,,,,,,,,chara,,resident,,,,,,,,,merchant_festival,,,,
merchant_fireworks,267,*r,*r,花火職人,firework artisan,,0,,chara,"900,901",,0,,,25,0,0,Friend,,neutral,MerchantFireworks,norland,predator,,,,,,,,,chara,,resident,,,,,,,,,merchant_festival,,,,
merchant_lamp,268,*r,*r,ランプ職人,lamp artisan,,0,,chara,"900,901",,0,,,25,0,0,Friend,,neutral,MerchantLamp,norland,predator,,,,,,,,,chara,,resident,,,,,,,,,merchant_festival,,,,
merchat_cyber,136,*r,*r,セールスマン,salesclerk,,0,,chara,"902,903",,0,,,25,100,0,Friend,,neutral,Merchant,norland,predator,,,,,,,,,chara,,resident,,,,,,,,,merchant,,,,
wyvern,203,ワイバーン,wyvern,,,,0,,chara,1500,,0,,,26,100,0,,Plain,,,wyvern,predator,,,"1,80",breathe_Fire/70,,,,,chara,,,,,,,,,,,,,,,
merchant_drug,223,*r,*r,売人,drug dealer,,0,,chara,1028,,0,,,26,100,0,Friend,,neutral,MerchantDrug,norland,predator,,,,ActStealMoney/40,,,,,chara,,resident,,buffThief,,,,,,,dealer,,,,
guild_clerk_thief,243,*r,*r,夜の声,voice of the Night,,0,,chara,1915,,0,,,26,0,4,Friend,,,Clerk_Thief,juere,predator,,,,"ActInsult,SpInvisibility,SpGravity,SpTeleport,ActSteal",,,,,chara,,,,buffThief,,,f,,,,,,,,
excecutioner,58,死刑執行人,executioner,,,,0,,chara,1426,,0,,,26,100,0,,,,,norland,none,,,,SpSummonShadow/35,,,,,chara,,,,,,,,,,,,,,,
medusa,126,メデューサ,medusa,,,,0,,chara,1508,,0,,,26,100,0,,,,,medusa,warmage,,,,,,,,,chara,,,,,,,,,,,,,,,
merchant_magic,134,*r,*r,魔法屋の店主,magic shopkeeper,,0,,chara,"1116,1117",,0,,,27,100,0,Friend,,neutral,MerchantMagic,norland,predator,,,,"hand_Cold/80,arrow_Lightning/40,arrow_Nether/40",,,,,chara,,resident,,buffMage,,,,,,,merchant,,,,
merchant_deed,289,*r,*r,公証人,scrivener,,0,,chara,1127,,0,,,28,100,0,Friend,,neutral,MerchantDeed,norland,predator,,,,,,,,,chara,,resident,,,,,,,,,merchant,,,,
merchant_pet,217,*r,*r,調教師,animal tamer,,0,,chara,"1114,1115",,0,,,28,100,0,Friend,,neutral,AnimalTamer,norland,predator,,,,SpSummon,,,,,chara,,resident,,janitor,,,,,,,merchant,,,,
banker,246,*r,*r,銀行員,banker,,0,,chara,911,,0,,,28,100,0,Friend,,neutral,Banker,norland,predator,,,,,,,,,chara,,resident,,banker,,,,,,Rich,banker,,,,
janitor,100,*r,*r,清掃員,janitor,,0,,chara,1007,,0,,,28,100,0,Neutral,,neutral,,norland,predator,,,,,,,,,chara,,resident,,janitor,,,,,Clean,,janitor,,,,
silvereye,174,銀眼の斬殺者,silver eyed witch,,,,0,,chara,1011,,0,,,28,100,0,Neutral,,neutral,,roran,warrior,warrior,,,"StTaunt,ActBladeStorm",,,,,chara,,,,,,,,,,,,,,,
mammoth,118,マンモス,mammoth,,,,0,,chara_L,21,22,0,,,28,100,0,,,snow,,bear,none,,,"1,50",ActRush,,,,,chara,,,,,,,,,,,,,,,
whiteBear,255,白熊,white bear,,,,0,,chara,1322,,0,,,28,100,0,,,snow,,bear,predator,,,,,,,,carpet_bear/15,chara,,livestock,,,,,,,,,,,,,
bartender,11,*r,*r,バーテンダー,bartender,,0,,chara,"908,909",,0,,,28,100,0,Friend,,neutral,Bartender,norland,gunner,,,,,,,,,chara,,resident,,bartender,,,,,,,bartender,,,,
merchant_meat,214,*r,*r,肉屋の店主,butcher,,0,,chara,1026,,0,,,29,100,0,Friend,,neutral,MerchantMeat,norland,predator,,,,,,,,,chara,,resident,,butcher,,,,,Cook,,merchant,,,,
merchant_weapon,135,*r,*r,鍛冶屋,blacksmith,,0,,chara,1027,,0,,,29,100,0,Friend,,neutral,MerchantWeapon,norland,predator,,,,,,,,,chara,,resident,,,,,,,Smith,,merchant,,,,
merchant_gun,295,*r,*r,銃器職人,gunsmith,,0,,chara,1027,,0,,,29,100,0,Friend,,neutral,MerchantGun,norland,gunner,,,,,,,,,chara,,resident,,,,,,,Smith,,merchant,,,,
nino,143,ニノ,Nino,キャラバンの隊長,caravan master,,0,,chara,1019,,0,,,29,0,4,Friend,,,Nino,norland,tourist,,,,SpSummon,,,,,chara,,,,,,,m/32/162/72/friendly|私|君,,,,,,,,
mushroom_chaos,142,混沌きのこ,chaos mushroom,,,,0,,chara,1401,,0,,,29,100,0,,,,,mushroom,none,,root,"3,0,0","Wait,SpTeleport/10",Chaos,,,,chara,,,,,,,,,,,,,,,
gaze_mad,69,マッドゲイズ,mad gaze,,,,0,,chara,1525,,0,,,29,100,0,,,,,eye,predator,,stand,"1,10,0","ActGazeInsane/20,bolt_Mind/50",Mind/20,,,,chara,,,,,,,,,,,,,,,
blade_alpha,387,ブレイド,blade,,,,0,,chara,1515,,0,,,7,50,0,,Factory,,,machine,none,,,"1,100",,,resCut/20,,,chara,,,,,,,,,,,,,,,
blade,19,ブレイドΩ,blade omega,,,,0,,chara,2516,,0,,,35,50,0,,Factory,,,machine,predator,,,"1,100",,Cut,resCut/20,,,chara,,,,,,,,,,,,,,,
blade_beta,386,ブレイドβ,blade beta,,,,0,,chara,2515,,0,,,20,50,0,,Factory,,,machine,none,,,"1,100",,Cut,resCut/20,,,chara,,,,,,,,,,,,,,,
mech_basher,514,バスティオン,bastion,,,,0,,chara,2615,,0,,,26,100,0,,Factory,shield,,machine,warrior,tank,,"1,100",StTaunt,,"basher/82,rusher/26",,,chara,,,,,,,,,,,,,,,
mech_scarab,515,スカラベ,scarab,,,,0,,chara,2616,,0,,,17,100,0,,Factory,,,machine,gunner,,,"10,80","Wait,Wait,Wait",,,,,chara,,,,,,,,,,,spider,,,,
turret,520,オートタレット,auto turret,,,,0,,chara,2916,,0,,,24,100,0,,Factory,,,machine,gunner,turret,root,"3,0,0",,,,,,chara,,,,,,,,,,,,,,,
trooper,521,トルーパー,trooper,,,,0,,chara,2917,,0,,,28,100,0,,Factory,,,machine,gunner,,,"2,50",,,featCentaur/1,,,chara,,,,,,,,,,,,,,,
robot,534,2B,2B,,,,0,,chara,3015,,0,,copper,4,100,0,,Factory,,,machine,tourist,,,"1,50",,,,,,chara,,,,,,,,,,,,,,,
bike_cub,539,カブ,cub,,,,0,,chara,3019,,100,,steel,8,5,3,Neutral,Factory,random_color,UniqueMonster,bike,predator,,,"1,50",ActEscape/20,,"SPD/-50,life/25,weightlifting/30",,,chara,,,,,,,,,,,,,,,
bike_kane,540,KND-01,KND-01,,,,0,,chara,3016,,0,,rubinus,35,3,3,Neutral,Factory,,UniqueMonster,bike,gunner,,,"1,50",ActEscape/10,,,,,chara,,,,,,,,,,,,,,,
bike_kane_custom,544,KND-01C,KND-01C,,,,0,,chara,3018,,100,,rubinus,35,2,3,Neutral,Factory,random_color,UniqueMonster,bike,predator,,,"1,50",ActEscape/10,,,,,chara,,,,,,,,,,,,,,,
bike_leet,549,xX_K4N3D4_Xx,xX_K4N3D4_Xx,,,,0,,chara,3018,,100,,rubinus,35,1,3,Neutral,Factory,random_color,UniqueMonster,bike,executioner,,,"1,50",ActEscape/10,,featElite/1,,,chara,,,,,,,,,,,,,,,
rocketman,525,デーヴ,Dave,,,,0,,chara,2914,,0,,,32,100,0,,Factory,,,machine,gunner,,,"4,70",,,,,,chara,,,,,,,,,,,,,,,
mech_angel,522,A.I.R,A.I.R,,,,0,,chara,2918,,0,,,38,100,0,,Factory,,,machine,paladin,,,"2,80","SpSummonTrooper/40,SpRevive",,"levitation/1,featMassSummoner/2,life/50",,,chara,,,,,,,,oblivion,,,,,,,
mech_death,523,マーダーボール,murderball,,,,0,,chara,2915,,0,,,39,100,0,,Factory,,,machine,predator,,,"1,50","SpSpeedUp,ActBladeStorm2,ActWhirlwind",,"levitation/1,SPD/56,critical/30,featNeckHunter/2",,,chara,,,,,,,,,,,,,,,
bit2,516,#ele3ビット,#ele3 bit,,,,0,,chara,2618,,100,,,22,100,0,,Factory,,,machine,gunner,,,"3,50",weapon_,"Fire,Cold,Lightning,Darkness,Mind,Poison,Nerve,Nether,Sound,Chaos","featMagicManner/1,levitation/1",,,chara,,,,,,,,,,,,,,,
tyrannosaurus,197,ティラノサウルス,tyrannosaurus,,,,0,,chara_L,7,,0,,,30,100,0,,Plain,,,dinosaur,predator,,,,,,,,bone_dinosaur/10,chara,,livestock,,,,,,,,,,,,,
triceratops,478,トリケラトプス,triceratops,,,,0,,chara_L,26,,0,,,28,100,0,Neutral,Plain,,,dinosaur,farmer,,,"1,50",ActRush,,,,bone_dinosaur2/20,chara,,livestock,,,,,,,,Farm,,,,,
dodo_rex,347,ドードーレックス,dodo rex,,,,0,,chara_L,17,,100,,,42,10,0,,Plain,random_color,,dinosaur,predator,,,,,,,,bone_dinosaur/100,chara,,livestock,,,,,,,,,,,,,
guild_master_merchant,269,マリアン,Marian,ギルドマスター,Grand Master,,0,,chara,2028,,0,,,30,0,4,Friend,,party,GM_Merchant,juere,thief,,,,,,,,,chara,,,,,,,f/40/154/160/rude|私|あんた,,,Rich,,,,,
merchant_slave,216,*r,*r,奴隷商人,slave master,,0,,chara,1028,,0,,,31,100,0,Friend,,neutral,Slaver,norland,predator,,,,ActStealMoney/40,,,,,chara,,resident,,,,,,,,,dealer,,,,
chef,349,*r,*r,パティシエ,patissier,,0,,chara,"2200,2201",,0,,,25,100,0,Friend,,neutral,Chef,norland,predator,,,,,,,,,chara,,resident,,baker,,,,,,,merchant,,,,
merchant_inn,233,*r,*r,宿屋の店主,innkeeper,,0,,chara,"1029,1030",,0,,,31,100,0,Friend,,neutral,Innkeeper,norland,predator,,,,,,,,,chara,,resident,,cook,,,,,,,merchant,,,,
merchant_inn_fox,330,*r,*r,宿屋の店主,innkeeper,,0,,chara,1326,,0,,,31,5,0,Friend,,neutral,Innkeeper,mifu,predator,,,,,,,,,chara,,resident,,cook,,,f,trickery,,,merchant,,,,
merchant_inn_fox2,343,ミズナ,Mizuno,宿屋の店主,innkeeper,,0,,chara,1431,,0,,,31,0,0,Friend,,neutral,Innkeeper,nefu,predator,,,,,,,,,chara,,resident,,cook,,,f,moonshadow,,,merchant,,,,
eureka,344,エウレカ,Eureka,戦禍の奏者,Firebrand of Strife,,0,,chara,1430,,0,,,36,0,4,Friend,,neutral,Eureka,demigod,executioner,,,"1,100","ActRush,ActEntangle/30,ActInsult/20,SpWeakness/30,weapon_Cut/10",,"featMilitant/1,life/-10",,,chara,,,,,,,f,strife,Pray,Fluffy,,,,,
miko_mifu,331,キヌ,Kinu,祝福の巫女,Maiden of Blessings,,0,,chara,1331,,0,,,34,0,4,Friend,,neutral,Miko_Mifu,mifu,warmage,,,"2,50","ball_Nether/70,arrow_Holy/40",,"featWhiteVixen/1,life/-10",,,chara,,,,,,,f,trickery,Pray,Farm,,,,,
miko_nefu,332,ミサキ,Misaki,刀の巫女,Maiden of Blades,,0,,chara,1231,,0,,,34,0,4,Friend,,neutral,Miko_Nefu,nefu,warmage,,,"1,100","StTaunt,SpHealLight/50",,"featFoxMaid/1,life/-45,featLoyal/1",,,chara,,,,,,,f,moonshadow,Pray,Smith,,,,,
miko_elite,550,*r,*r,黒騎士,black knight,,0,,chara,"2430,2431",,0,,,9,10,0,Friend,,neutral,,vampire,paladin,,,"1,100",,,"featElite/1,featNirvana/1,resSound/5,deathagony/1,guts/1,innocence/1,rusher/1,LUC/50",,,chara,,,,,,,,,,Game,,,,,
drake,51,#ele3ドレイク,#ele3 drake,,,,0,,chara,1501,,100,,,31,100,0,,,,,drake,none,,,,breathe_/15,"Fire,Cold,Lightning",,,,chara,,,,,,,,,,,,,,,
dragon,381,#ele3ドラゴン,#ele3 dragon,,,,0,,chara_L,104,,100,,,40,50,0,,,,,dragon,predator,,,"1,80",breathe_/25,"Fire,Cold,Lightning,Darkness",,,,chara,,,,,,,,,,,,,,,
dragon2,391,#ele3ドラゴン,#ele3 dragon,,,,0,,chara_L,105,,100,,,40,20,0,,,,,dragon,predator,,,"1,80",breathe_/25,"Nether,Chaos",,,,chara,,,,,,,,,,,,,,,
dragon_sea,484,#ele5サーペント,#ele5 serpent,,,,0,,chara_LW,204,,100,,,47,60,0,,Water,water,,dragon,predator,,,"1,80","breathe_/25,ActTouchDrown/100","Fire,Cold,Lightning,Darkness",featAquatic/1,,,chara,,,,,,,,,,,,,,,
bahamut,385,バハムート,Bahamut,究極竜,Ultimate Dragon,,0,,chara_L,106,,0,,,52,2,3,,,,UniqueMonster,dragon,predator,,,"1,80","flare_Void/30,breathe_Void/30,ball_/20,SpMeteor/10,bolt_Fire/30",Impact,,,,chara,,,,,,,,,,,,,,,
handmaiden,409,ルロスの侍女,handmaiden of Lolth,,,,0,,chara_L,107,,0,,,47,40,0,,,,,demon,priest,,,"1,80","ball_Darkness/60,SpBane/100/pt,SpRevive,ActNTR/150,SpSummonMonster/50",,featMassSummoner/3,,,chara,,,,,,,,,,,,,,,
yochlol,410,ヨクロール,yochlol,ルロスの侍女,handmaiden of Lolth,,0,,chara_L,108,,0,,,60,0,3,,,,UniqueMonster,demon,executioner,,,"1,80",,,,,,chara,,,,,,,,,,,,,,,
trainer,193,*r,*r,トレイナー,trainer,,0,,chara,"1000,1001",,0,,,31,100,0,Friend,,neutral,Trainer,norland,warrior,,,,,,,,,chara,,resident,,,,,,,,,,,,,
ineien,94,シェトラス,Cetrus,辺境公,outland lord,,0,,chara,1719,,0,,,32,0,4,Friend,,party,UniqueChara,elea,bard,,,,sword_Magic,,,,,chara,,,,,,,m/195/180/58/polite|私|君,,,,ineien,,,,
guild_doorman_thief,236,アナスタジヤ,Anastazija,夜の乙女,maiden of the Night,,0,,chara,1910,,0,,,32,0,4,Friend,,,Doorman_Thief,norland,thief,,,,ActCatHuffing,,,,,chara,,,,"buffGuildWatch,buffThief",,,f/19/156/40/shy|私|お前,,,,guild_doorman_thief,,,,
merchant_black,220,*r,*r,ブラックマーケットの店主,blackmarket shopkeeper,,0,,chara,1028,,0,,,33,100,0,Friend,,neutral,MerchantBlack,norland,predator,,,,ActStealMoney/40,,,,,chara,,resident,,buffThief,,,,,,,dealer,,,,
rabbit_vopal,342,ヴォーパルバニー,vorpal bunny,,,,0,,chara,1706,,0,,,30,100,0,,Plain,,,rabbit,predator,,,"1,100",,,"vopal/100,featNeckHunter/2",,,chara,,livestock,,,,,,,,,,hop,,,
guild_master_mage,237,ヨーグ,Jorg,ギルドマスター,Grand Master,,0,,chara,2030,,0,,,34,0,4,Friend,,party,GM_Mage,norland,wizard,,,,"arrow_Nether,bolt_Nether,sword_Nether",,,,,chara,,,,,,,m/45/170/60/friendly|私|君,,,Rich,,,,,
korgon,105,コルゴンのパパ,Papa Corgon,,,,0,"2,2",chara_LL,3,,0,,,35,0,4,,Mud,"neutral,noRandomProduct",,dragon,none,,,,breathe_Fire/50,,featRoran/1,,,chara,,livestock,,,,,,,,,,,,,
melilith_boss,259,ひとりぼっち…,Alone...,メリリスの悪夢,Melilith's Nightmare,,0,"2,2",chara_LL,100,,0,,,35,0,4,,,boss,UniqueChara,eulderna,wizard,,,,"SpSummonUndeadSister/30,breathe_Cut/50,ball_Darkness/50",,,,,chara,,,,,,,f/532/138/36/friendly|私|あなた,,,,melilith_boss,,,,
vernis_boss,326,テフラ,Tephra,焔岩の悪魔,Scorching Rock Demon,,0,"2,2",chara_LL,101,,0,,,16,0,4,,,boss,UniqueChara,rock,predator,,,"1,80","breathe_Fire/50,ball_Fire/40",,"resFire/20,resCold/-5",,,chara,,,,,,,,,,,,,,,
lurie_boss,469,デュポンヌ,Duponne,ルーリエの忘れられし海竜,forgotten sea dragon of Lurie,,0,"3,3",chara_LL,102,,0,,,30,0,4,,,boss,Duponne,dragon,pianist,,,"3,10","ActCrySad,breathe_Lightning/50,SpSummonFish,ActStealFood/100",,featHeavyEater/12,special,,chara,,,,,,,f/7240/1984/26317,earth,Hoard,Fluffy,,,,,
wynan,202,ワイナン,Wynan,古城の主,lord of the Ancient Castle,,0,,chara_L,18,,0,,,36,0,4,Neutral,,,,norland,warrior,,,,,,,,,chara,,,,,,,,,,,,,,,
guild_doorman_fighter,235,ドリア,Doria,戦士ギルドの番人,watchman of the Fighters Guild,,0,,chara,1908,,0,,,36,0,4,Friend,,,Doorman_Fighter,norland,warrior,,,,,,,,,chara,,,,buffGuildWatch,,,m/22/184/72/rude|俺|君,,,,guild_doorman_fighter,,,,
conery,41,コネリー,Conery,パルミアの盾,shield of Palmia,,0,,chara,1803,,0,,,37,0,4,Friend,,party,UniqueChara,norland,paladin,,,,ActCatHuffing,,,,,chara,,,,,,,m/21/176/68/polite|私|君,healing,,,conery,,,,
orc_goda,377,ゴダ,Goda,オークの副隊長,Vice Captain of Orc,,0,,chara,2417,,0,,,15,10,3,,,,UniqueMonster,orc,warrior,,,"1,70","ActRush,StTaunt,SpSummonOrc/20",,vopal/25,,,chara,,,,,,,m,,,,,,,,
dungeon_cleaner,398,ダンジョンクリーナー,Dungeon Cleaner,,,,0,,chara,2617,,0,,,35,10,3,,,,UniqueMonster,machine,predator,hexer,,"1,50","ActRush,breathe_Sound/20,SpGravity/80/pt,ActDropMine/30",,"mod_splash/100,mod_cleave/50,featReboot/1",,memory_chip/1000,chara,,,,,,,m,,Clean,Garbology,,,,,
isca,397,イスカ,Isca,堕天使,fallen angel,,0,,chara,2317,,0,,,42,5,3,,,,UniqueMonsterAdv,norland,archer,,,"2,50","SpHOT/60/pt,SpRemoveHex,SpSummon/20",,"featBoost/1,levitation/1",,,chara,,,,,,,f,wind,,,,,,,
santa,376,サンタクロース,Santa Claus,*r,*r,,0,,chara,2416,,0,,,40,3,3,,,,UniqueMonsterAdv,mutant,gunner,,,"1,50",,,,,,chara,,,,,,,,,,,,,,,
mimic,429,ミミック,mimic,,,,0,,chara,2709,,100,,,15,50,0,,,random_color,,mutant,predator,,,"1,50",,,"life/50,featMimic/1",,,chara,,,,,,,,,,,,,,,
merchant_exotic,272,*r,*r,舶来品商人,exotic merchant,,0,,chara,1028,,0,,,38,0,0,Friend,,neutral,MerchantExotic,norland,predator,,,,,,,,,chara,,resident,,buffThief,,,,,,,dealer,,,,
gagu,66,ガグ,gagu,,,,0,,chara,1611,,0,,,38,100,0,,,,,troll,predator,,,"1,80","ActWeaken/40,ActFear/40",,martial/25,,,chara,,,,,,,,,,,,,,,
deathgaze,378,デスゲイズ,death gaze,,,,0,,chara,2418,,0,,,39,100,0,,,,,eye,predator,,stand,"1,10,0",ActGazeMana/25,Nerve,,,,chara,,,,,,,,,,,,,,,
beholder,388,ビホルダー,beholder,,,,0,,chara,2518,,0,,,45,0,0,,,,,eye,predator,,stand,"1,20,0","ActGazeMana/25,SpEarthquake/20,SpSummonMonster/30",Nerve,,,,chara,,,,,,,,,,,,,,,
evileye,389,エビルアイ,evil eye,,,,0,,chara,2517,,0,,,44,100,0,,,,,eye,predator,,stand,"1,40,0","ActGazeDim/50,ActGazeMana/25,bolt_Darkness/50,bolt_Nerve/50,bolt_Mind/50",Nerve,,,,chara,,,,,,,,,,,,,,,
mogu,307,*r,*r,マスコット,Mascot,,0,,chara,"2018,2019,2020,2021",,0,,,42,10,0,Friend,,"neutral,noPortrait",CasinoGuard,norland,predator,,,,,,,,,chara,,,,,,,,,,,mogu,,,,
melvin,248,メルヴィン,Melvin,閃影の,Silver Gale,,0,,chara,2001,,0,,,38,0,4,Friend,,,UniqueChara,norland,archer,,,,"weapon_Lightning,SpDarkness,SpSpeedUp",,"featRapidArrow/1,SPD/50",,,chara,,,,,,,m/33/182/69/friendly|私|君,,,Hunt,melvin,,,,
guild_doorman_mage,234,レクサス,Lexus,魔術師ギルドの番人,watchman of the Mages Guild,,0,,chara,1909,,0,,,38,0,4,Friend,,,Doorman_Mage,norland,wizard,,,,"hand_Cold/80,arrow_Lightning/40,arrow_Nether/40",,,,,chara,,,,"buffGuildWatch,buffMage",,,m/28/176/63/polite|私|君,,,,guild_doorman_mage,,,,
test17,188,ミラージュβ,Mirage β,,,,0,,chara_L,20,,0,,,38,15,0,Neutral,Factory,,,machine,gunner,summoner,,"4,50","bit_Holy/30,bit_Sound/30,bit_Lightning/30",,,,,chara,,,,,,,,,,,,,,,
cerberus,33,ケルベロス,cerberus,,,,0,,chara,1606,,0,,,40,100,0,,,,,cerberus,predator,,,"1,80","breathe_Fire/40,breathe_Nether/40",,,,,chara,,,,,,,,,,,,hop,,,
giant,71,巨人,giant,,,,0,,chara_L,2,,0,,,38,100,0,,,,,giant,none,,,"1,90",ActThrow/30,,mod_splash/20,,,chara,,,,,,,,,,,,,,,
cyclops,406,サイクロプス,cyclops,,,,0,,chara_L,111,,0,,,47,100,0,,,,,giant,predator,,,"1,90","ActThrow/30,SpEarthquake/5",,mod_splash/35,,,chara,,,,,,,,,,,giant,,,,
guard,80,*r,*r,ガード,guard,,0,,chara,812,1810,0,,,40,100,0,Friend,,neutral,Guard,norland,archer,,,,,,,,,chara,,resident,,,,,,,,,guard,,,,
guard_cyber,81,*r,*r,セキュリティーガード,security guard,,0,,chara,"930,931",,0,,,40,100,0,Friend,,neutral,Guard,yerles,gunner,,,,,,,,,chara,,resident,,,,,,,,,guard,,,,
guard_port,82,*r,*r,ガード,guard,,0,,chara,1010,,0,,,40,100,0,Friend,,neutral,Guard,norland,archer,,,,,,,,,chara,,resident,,,,,,,,,guard,,,,
guard_fox,328,*r,*r,ガード,guard,,0,,chara,1327,,0,,,40,5,0,Friend,,neutral,Guard,nefu,archer,,,,,,,,,chara,,resident,,,,,,moonshadow,,,guard,,,,
barrich,247,ベーリッヒ,Barrich,赤髪の,Red Hair,,0,,chara,2000,,0,,,41,0,4,Friend,,party,UniqueChara,norland,bard,,,,"ActRush,breathe_Sound,SongValor",,life/50,,,chara,,,,,,,m/36/192/88/friendly|俺|お前さん,,,Sing,barrich,,,,
garokk,68,ガロク,Garokk,伝説の職人,legendary smith,,0,,chara,1016,,0,,,42,0,4,Friend,,party,Garokk,dwarf,warrior,,,,,,,,,chara,,,,,,,m/68/125/48/friendly|わし|君,,Smith,Pet,garokk,,,,
miral,138,ミラル,Miral,伝説の職人,legendary smith,,0,,chara,1015,,0,,,44,0,4,Friend,,party,Miral,dwarf,warrior,,,,,,,,,chara,,,,,,,m/65/125/50/friendly|わし|お主,,Smith,,miral,,,,
gilbert,72,ギルバート,Gilbert,パルミアの鉄槌,iron hammer of Palmia,,0,,chara,1804,,0,,,44,0,4,Friend,,party,UniqueChara,norland,warrior,,,,,,featEarthStrength/1,,,chara,,,,,,,m/23/191/82/rude|俺|お前,earth,,Rich,gilbert,,,,
guild_master_fighter,238,トラン,Thorran,ギルドマスター,Grand Master,,0,,chara,2029,,0,,,44,0,4,Friend,,party,GM_Fighter,norland,warrior,,,,,,,,,chara,,,,,,,m/50/180/85/friendly|私|君,,,,,,,,
shub,173,シュブ＝ニグラス,Shub-Niggurath,,,,0,,chara_L,15,,0,,,44,100,0,,,,,yith,predator,,stand,"3,10,10","ActGazeInsane/30,SpSummonShubKid/40,SpTeleportShort/20",,"resChaos/5,featMassSummoner/1",,,chara,,,,,,,,,,,,,,,
shub_kid,464,シュブ＝ニグラスの落とし子,offspring of Shub-Niggurath,,,,0,,chara,2823,,0,,,32,100,0,,,,,yith,predator,,,"1,50","ActWeaken/30,ActFear/40",,"resFire/15,resLightning/15,resImpact/15",,,chara,,,,,,,,,,,,,,,
guild_master_thief,239,ナジェナ,Najena,夜をもたらすもの,Bringer of the Night,,0,,chara,2027,,0,,,45,0,4,Friend,,party,GM_Thief,juere,thief,,,,"sword_Darkness,sword_Poison",,,,,chara,,,,,,,f/1654/150/44/rude|私|貴様,,,,,,,,
tentacle,322,触手,tentacle,,,,0,,chara,"1627,1628,1629,1630",,50,,,5,0,0,,,,,yith,none,,root,"1,0,0","hand_/50,ActEntangle/50,ActDraw/40","Poison,Nerve,Acid,Cut,Chaos",,,,chara,,,,,,,,,,,,,,,
yith,206,イスの偉大なる種族,great race of Yith,,,,0,,chara_L,16,,0,,,50,100,0,,,,,yith,predator,,,"1,80","ActDrainBlood/80,ActGazeInsane/30,SpBane/15,ActEntangle/30",,resNether/10,,,chara,,,,,,,,,,,,,,,
yog,467,ヨグ＝ソートス,Yog-Sothoth,,,,0,,chara_L,110,,0,,,46,100,0,,,suicide,,yith,tourist,,stand,"2,10,10","SpBrightnessOfLife/35,ActSuicide,ActGazeMana/25,ActGazeInsane/30,SpSummonMonster/20",Holy,featMassSummoner/2,,,chara,,,,,,,,,,,,,,,
ygolonac,489,イゴーロナク,Y'golonac,,,,0,,chara_L,27,,0,,,50,100,0,,,,,yith,executioner,,,"1,30",ActCatHuffing,,"SPD/-50,life/50,mana/50,featMeatCushion/5",warrior,,chara,,,,,,,,,,,,,,,
imolonac,493,イモーロナク,Y'molonac,,,,0,,chara_L,28,,0,,,55,5,3,,,,,yith,executioner,,,"1,30",ActCatHuffing,Nether,"SPD/-50,life/50,mana/50,featMeatCushion/5,featSpike/5,featReboot/1,featElder/1,featGeneSlot/-2",warrior,,chara,,,,,,,,,,,sister,,,,
dagon,477,ダゴン,Dagon,,,,0,,chara_L,25,,0,,,49,100,0,,Water,water,,yith,warrior,,,"1,70","ActCryRage,ActGazeInsane/50",,featAquatic/1,warrior,,chara,,,,,,,,,,,,,,,
cthaat,475,クタアト,Cthaat,,,,0,,chara_LW,203,,0,,,46,100,0,,Water,water,,yith,warmage,,,"2,20","SpSummonTidalWave/50,ActEntangle,ActTouchDrown/50",,"featMassSummoner/1,featSummoner/2,featAquatic/1",,,chara,,,,,,,,,,,,,,,
cube,43,キューブ,cube,,,,0,,chara,1403,,0,,,48,25,0,,,,,machine,none,,stand,"1,20,40",ActGazeDim/20,,featSplit/1,,,chara,,,,,,,,,,,,,,,
spiralking,182,螺旋の王,spiral king,,,,0,,chara_L,1,,0,,,52,100,0,,,,,yith,wizard,,,"2,50","arrow_Chaos/60,arrow_Nether/40,ball_Sound/40,ActGazeMutation/10",,"resChaos/10,resNether/5,resSound/10",,,chara,,,,,,,,,,,,,,,
eluminaire,245,エルミナレ,Eluminaire,謎の従者,mysterious servant,,0,,chara,1730,,0,,,65,0,4,Friend,,party,UniqueChara,elea,warmage,,,"3,50","bolt_Ether,ball_Ether,miasma_Ether,sword_Ether",,,,,chara,,,,,,,f/21/172/43/polite|私|貴方,,,,,,,,
ancient_golem,261,古代の石の巨人,Ancient stone golem,,,,0,"2,2",chara_LL,2,,0,,,75,0,4,Friend,,,UniqueChara,ent,wizard,,,,,,,,,chara,,,,,,,,,,,,,,,
mirage,260,ミラージュ,Mirage,対魔道装甲,Anti Golem,,0,"2,2",chara_LL,1,,0,,,90,0,4,Friend,,,UniqueChara,eulderna,wizard,,,,,,,,,chara,,,,,,,,,,,,,,,
doga,506,ドーガ,Doga,工場長,Factory Chief,,0,"2,2",chara_LL,1,,0,,,42,0,4,,,boss,UniqueChara,machine,gunner,,,"4,20","SpSummonMachine/30,sword_Fire,flare_Fire/50,SpHOT,ActMissileBarrage,SpVanishHex",,"featElder/1,levitation/1",,,chara,,,,,,,,,,,,,,,
swordkeeper,263,イノス＝トゥルス,"Innos Tur'as ",裏切りの公子,Prince of Betrayal,,0,"2,2",chara_LL,4,,0,,,2000,0,4,,,boss,UniqueChara,god,warrior,,,,ActSwarm,,,,,chara,,,,,,,m/0/1905/8405/friendly|我|お前,,,,,,,,
swordkeeper2,528,イノス＝トゥルス2,"Innos Tur'as 2 ",裏切りの公子,Prince of Betrayal,,0,"2,2",innos2,4,,0,,,2500000,0,4,,,"boss,noRandomProduct",UniqueChara,god,warmage,,,,ActSwarm,,,,,chara,,,,,,,m/0/1905/8405/friendly|我|お前,,,,,,,,
eyth,538,エイス,Eyth,無の,God of Infidel,"pcc,unique,mani",0,,pcc_L,0,,0,,,9999,0,4,Friend,,noRandomProduct,UniqueChara,god,gunner,,,,,,,,,chara,,resident,,,,,m/9999/183/61/friendly|私|お前,,,,,,,,
horome,537,ホロメ,Horome,月影の,Goddess of Moonshadow,"pcc,unique,ehe",0,,pcc_L,0,,0,,,999,0,4,Friend,,noRandomProduct,UniqueChara,god,warmage,,,,,,,,,chara,,resident,,,,,f/9999/165/51/cat|私|貴方,,,,,,,,
ehekatl,53,エヘカトル,Ehekatl,幸運の,Goddess of Luck,"pcc,unique,ehe",0,,pcc_L,0,,0,,,9999,0,4,Friend,,,UniqueChara,god,warmage,,,,,,,,,chara,,resident,,,,,f/99999/165/51/cat|私|貴方,,,,,,,,
elin,55,エリン,Elin,調和の,Goddess of Harmony,"pcc,unique,elin1",0,,pcc_L,0,,0,,,9999,0,4,Friend,,,UniqueChara,god,none,,,,,,,,,chara,,resident,,,,,f/9999/139/28/polite|私|貴方,,,,,,,,
itz,99,イツパロトル,Itzpaltol,元素の,God of Element,"pcc,unique,itz",0,,pcc_L,0,,0,,,9999,0,4,Friend,,,UniqueChara,god,defender,,,,,,,,,chara,,resident,,,,,m/99999/187/75/friendly|我|汝,,,,,,,,
jure,101,ジュア,Jure,癒しの,Goddess of Healing,"pcc,unique,jure",0,,pcc_L,0,,0,,,9999,0,4,Friend,,,UniqueChara,god,defender,,,,,,"innocence/100,featGoddess/1",,,chara,,resident,,buffHealer,,,f/99999/151/48/nano|私|貴方,,,,,,,,
kumiromi,106,クミロミ,Kumiromi,収穫の,God of Harvest,"pcc,unique,kumiromi",0,,pcc_L,0,,0,,,9999,0,4,Friend,,,UniqueChara,god,farmer,,,,,,,,,chara,,resident,,,,,m/99999/150/38/shy|私|君,,,,,,,,
lulwy,115,ルルウィ,Lulwy,風の,Goddess of Wind,"pcc,unique,lulwy",0,,pcc_L,0,,0,,,9999,0,4,Friend,,,UniqueChara,god,warmage,,,,,,,,,chara,,resident,,,,,f/99999/176/52/rude|私|オマエ,,,,,,,,
mani,120,マニ,Mani,機械の,God of Machine,"pcc,unique,mani",0,,pcc_L,0,,0,,,9999,0,4,Friend,,,UniqueChara,god,gunner,,,,,,,,,chara,,resident,,,,,m/9999/183/61/friendly|私|お前,,,,,,,,
opatos,145,オパートス,Opatos,地の,God of Earth,"pcc,unique,opatos",0,,pcc_L,0,,0,,,9999,0,4,Friend,,,UniqueChara,god,warrior,,,,,,,,,chara,,resident,,,,,m/99999/211/694/rude|我|貴様,,,,,,,,
